job_id,title,description,category,seniority,location,skills,salary_min,salary_max,posted_days_ago
0,software_engineer_0,role description 0,software,staff,"Austin, TX, USA","tf,aws,kubernetes,rust",78573,198635,2
1,frontend_engineer_1,role description 1,frontend,senior,"NYC, NY, USA","ml,react,go",77783,170533,56
2,frontend_engineer_2,role description 2,frontend,senior,"Remote, , ","react,java,aws",80794,162199,45
3,devops_engineer_3,role description 3,devops,staff,"Remote, , ","sql,kubernetes,react",78107,135028,9
4,devops_engineer_4,role description 4,devops,junior,"London, , UK","go,java",87431,151893,4
5,ml_engineer_5,role description 5,ml,staff,"NYC, NY, USA","aws,sql,python,kubernetes",62452,188667,7
6,software_engineer_6,role description 6,software,staff,"Remote, , ","react,sql",76511,150562,22
7,frontend_engineer_7,role description 7,frontend,senior,"NYC, NY, USA","aws,sql",78881,124268,48
8,data_engineer_8,role description 8,data,senior,"London, , UK","sql,tf,go,ml",69200,139610,9
9,software_engineer_9,role description 9,software,senior,"Berlin, , Germany","kubernetes,sql,react,go",112674,167617,49
10,devops_engineer_10,role description 10,devops,mid,"Remote, , ","sql,go,ml",100529,170328,0
11,ml_engineer_11,role description 11,ml,staff,"Remote, , ","aws,python",114719,198705,44
12,frontend_engineer_12,role description 12,frontend,junior,"NYC, NY, USA","rust,ml",93694,194708,16
13,frontend_engineer_13,role description 13,frontend,mid,"Austin, TX, USA","java,rust",66578,162520,57
14,frontend_engineer_14,role description 14,frontend,senior,"Berlin, , Germany","kubernetes,go,java",114277,164360,28
15,frontend_engineer_15,role description 15,frontend,staff,"SF, CA, USA","java,sql",87483,184053,16
16,devops_engineer_16,role description 16,devops,mid,"Remote, , ","react,go,java",101065,123891,14
17,software_engineer_17,role description 17,software,mid,"London, , UK","sql,java",82880,167614,49
18,ml_engineer_18,role description 18,ml,junior,"London, , UK","python,sql,aws",89657,157920,24
19,devops_engineer_19,role description 19,devops,junior,"Remote, , ","tf,rust,java,ml",89361,182647,21
20,devops_engineer_20,role description 20,devops,junior,"SF, CA, USA","go,ml,react",77082,184028,44
21,data_engineer_21,role description 21,data,junior,"Berlin, , Germany","rust,go,aws",93283,172447,32
22,software_engineer_22,role description 22,software,staff,"Berlin, , Germany","react,go,rust,aws",104023,172582,39
23,ml_engineer_23,role description 23,ml,staff,"Berlin, , Germany","tf,python,kubernetes,aws",61215,175290,26
24,frontend_engineer_24,role description 24,frontend,staff,"NYC, NY, USA","aws,ml,go",67854,166410,3
25,frontend_engineer_25,role description 25,frontend,junior,"Remote, , ","java,ml,python,sql",110534,138224,0
26,devops_engineer_26,role description 26,devops,junior,"Berlin, , Germany","ml,rust,go,sql",94178,142761,2
27,ml_engineer_27,role description 27,ml,mid,"Austin, TX, USA","rust,react",118419,179345,34
28,devops_engineer_28,role description 28,devops,senior,"Berlin, , Germany","aws,kubernetes,tf,ml",96280,169469,30
29,devops_engineer_29,role description 29,devops,mid,"Remote, , ","sql,kubernetes,java",99204,139032,44
30,devops_engineer_30,role description 30,devops,mid,"Berlin, , Germany","tf,rust,python,ml",113940,190228,53
31,data_engineer_31,role description 31,data,junior,"SF, CA, USA","kubernetes,go",99627,198451,10
32,software_engineer_32,role description 32,software,senior,"NYC, NY, USA","sql,kubernetes,tf,rust",79777,170086,57
33,devops_engineer_33,role description 33,devops,mid,"London, , UK","go,python,java,kubernetes",91678,138222,55
34,ml_engineer_34,role description 34,ml,junior,"Austin, TX, USA","ml,tf,sql,java",74136,195062,36
35,software_engineer_35,role description 35,software,senior,"Austin, TX, USA","react,java,ml,rust",80056,138934,31
36,ml_engineer_36,role description 36,ml,staff,"Berlin, , Germany","go,react,tf",100816,154597,10
37,ml_engineer_37,role description 37,ml,junior,"NYC, NY, USA","aws,python,ml,react",68938,188693,10
38,data_engineer_38,role description 38,data,mid,"Austin, TX, USA","sql,tf",100318,161654,1
39,frontend_engineer_39,role description 39,frontend,staff,"Remote, , ","ml,python,sql,go",95043,139438,38
40,software_engineer_40,role description 40,software,senior,"SF, CA, USA","java,react",78503,126408,25
41,frontend_engineer_41,role description 41,frontend,staff,"Austin, TX, USA","ml,sql",62696,148872,11
42,frontend_engineer_42,role description 42,frontend,mid,"London, , UK","react,tf,go",102277,173767,8
43,data_engineer_43,role description 43,data,mid,"London, , UK","tf,aws,kubernetes,sql",109470,177171,3
44,software_engineer_44,role description 44,software,senior,"SF, CA, USA","python,tf",103804,137835,38
45,ml_engineer_45,role description 45,ml,junior,"Austin, TX, USA","go,kubernetes,python,ml",85254,132699,41
46,devops_engineer_46,role description 46,devops,junior,"Remote, , ","kubernetes,sql",99212,176116,37
47,ml_engineer_47,role description 47,ml,senior,"Berlin, , Germany","kubernetes,java,react",84885,132725,6
48,frontend_engineer_48,role description 48,frontend,senior,"London, , UK","tf,ml",81495,125140,2
49,frontend_engineer_49,role description 49,frontend,junior,"Berlin, , Germany","ml,kubernetes,java",79630,158908,6
50,frontend_engineer_50,role description 50,frontend,senior,"SF, CA, USA","sql,python",72651,165672,45
51,software_engineer_51,role description 51,software,mid,"SF, CA, USA","react,java,tf",118161,139495,44
52,data_engineer_52,role description 52,data,senior,"Remote, , ","java,python,react",99972,136897,17
53,devops_engineer_53,role description 53,devops,staff,"Austin, TX, USA","sql,rust,react,aws",70495,138852,3
54,devops_engineer_54,role description 54,devops,junior,"London, , UK","java,tf,go",111902,147426,19
55,software_engineer_55,role description 55,software,staff,"Remote, , ","tf,python,rust",69078,120739,48
56,devops_engineer_56,role description 56,devops,mid,"London, , UK","ml,kubernetes",95620,120940,8
57,software_engineer_57,role description 57,software,staff,"London, , UK","rust,tf,sql",69931,149635,47
58,frontend_engineer_58,role description 58,frontend,mid,"Remote, , ","kubernetes,go",81673,121592,27
59,frontend_engineer_59,role description 59,frontend,mid,"Remote, , ","rust,sql",99511,145460,8
60,ml_engineer_60,role description 60,ml,staff,"Austin, TX, USA","sql,ml,python,rust",119947,166472,56
61,frontend_engineer_61,role description 61,frontend,senior,"Berlin, , Germany","java,tf,python",119513,122492,31
62,data_engineer_62,role description 62,data,junior,"NYC, NY, USA","react,tf,ml,aws",113733,169425,40
63,ml_engineer_63,role description 63,ml,senior,"London, , UK","kubernetes,rust,go,java",74128,169698,5
64,devops_engineer_64,role description 64,devops,staff,"Berlin, , Germany","rust,aws",65610,165866,22
65,data_engineer_65,role description 65,data,mid,"Berlin, , Germany","kubernetes,aws,go",114337,170132,37
66,ml_engineer_66,role description 66,ml,staff,"London, , UK","go,tf,react,sql",115388,184738,38
67,data_engineer_67,role description 67,data,senior,"Austin, TX, USA","python,kubernetes,react",76716,125664,3
68,software_engineer_68,role description 68,software,mid,"SF, CA, USA","ml,tf,react",61150,133506,36
69,devops_engineer_69,role description 69,devops,junior,"Remote, , ","go,react,ml",98873,145363,56
70,frontend_engineer_70,role description 70,frontend,senior,"SF, CA, USA","react,tf,rust",64565,175049,47
71,software_engineer_71,role description 71,software,junior,"Berlin, , Germany","react,java",62429,189824,12
72,devops_engineer_72,role description 72,devops,staff,"Remote, , ","ml,kubernetes",116228,193493,54
73,software_engineer_73,role description 73,software,senior,"Remote, , ","kubernetes,react,python,sql",89739,166573,40
74,frontend_engineer_74,role description 74,frontend,mid,"London, , UK","python,react,aws",66722,152809,3
75,devops_engineer_75,role description 75,devops,junior,"Remote, , ","go,python,tf,rust",99274,152957,7
76,data_engineer_76,role description 76,data,senior,"Remote, , ","python,go,ml,java",82151,124785,55
77,data_engineer_77,role description 77,data,junior,"Remote, , ","go,rust",92179,157208,12
78,devops_engineer_78,role description 78,devops,mid,"SF, CA, USA","sql,ml",113931,161027,5
79,frontend_engineer_79,role description 79,frontend,staff,"NYC, NY, USA","rust,go,java",74270,136662,27
80,ml_engineer_80,role description 80,ml,staff,"London, , UK","python,kubernetes,react",98790,181436,31
81,devops_engineer_81,role description 81,devops,staff,"NYC, NY, USA","ml,react",109709,184950,34
82,software_engineer_82,role description 82,software,staff,"SF, CA, USA","aws,sql,react,python",85426,144161,39
83,ml_engineer_83,role description 83,ml,senior,"London, , UK","sql,python",118208,193120,59
84,frontend_engineer_84,role description 84,frontend,junior,"NYC, NY, USA","python,kubernetes,ml,react",86898,128567,45
85,frontend_engineer_85,role description 85,frontend,staff,"Berlin, , Germany","tf,sql",87551,192853,1
86,software_engineer_86,role description 86,software,staff,"London, , UK","rust,java,tf,go",113051,181446,5
87,data_engineer_87,role description 87,data,staff,"Berlin, , Germany","sql,python",98155,137914,0
88,frontend_engineer_88,role description 88,frontend,senior,"SF, CA, USA","tf,kubernetes,python",112122,172013,23
89,ml_engineer_89,role description 89,ml,junior,"NYC, NY, USA","sql,ml",107424,144859,21
90,devops_engineer_90,role description 90,devops,senior,"Austin, TX, USA","aws,kubernetes,python,go",102742,183978,56
91,ml_engineer_91,role description 91,ml,mid,"SF, CA, USA","ml,aws",74489,132849,21
92,ml_engineer_92,role description 92,ml,staff,"London, , UK","rust,tf,aws,react",83930,139592,1
93,data_engineer_93,role description 93,data,mid,"SF, CA, USA","sql,aws",111867,144576,53
94,ml_engineer_94,role description 94,ml,mid,"NYC, NY, USA","rust,react,tf,sql",96961,135974,15
95,data_engineer_95,role description 95,data,junior,"London, , UK","rust,java,go,kubernetes",76812,146624,54
96,data_engineer_96,role description 96,data,staff,"Austin, TX, USA","rust,java,sql,ml",79641,168206,46
97,frontend_engineer_97,role description 97,frontend,staff,"Austin, TX, USA","rust,sql,java",106549,170648,52
98,frontend_engineer_98,role description 98,frontend,junior,"London, , UK","java,react",70691,164314,49
99,software_engineer_99,role description 99,software,mid,"SF, CA, USA","ml,aws",66725,135171,8
100,ml_engineer_100,role description 100,ml,mid,"Austin, TX, USA","kubernetes,ml",105906,136195,37
101,software_engineer_101,role description 101,software,mid,"London, , UK","go,kubernetes",77303,193551,24
102,ml_engineer_102,role description 102,ml,staff,"SF, CA, USA","tf,ml,python",105924,140106,37
103,software_engineer_103,role description 103,software,junior,"NYC, NY, USA","aws,react",92017,128247,44
104,frontend_engineer_104,role description 104,frontend,mid,"Austin, TX, USA","java,sql,tf,react",119868,156319,30
105,frontend_engineer_105,role description 105,frontend,junior,"SF, CA, USA","react,ml,aws,python",91495,120550,18
106,frontend_engineer_106,role description 106,frontend,junior,"London, , UK","react,python,go",112049,147412,54
107,frontend_engineer_107,role description 107,frontend,staff,"NYC, NY, USA","react,rust,go,aws",111025,188395,39
108,devops_engineer_108,role description 108,devops,staff,"SF, CA, USA","python,aws",72719,141391,53
109,frontend_engineer_109,role description 109,frontend,junior,"SF, CA, USA","tf,react,kubernetes,aws",119767,176301,14
110,data_engineer_110,role description 110,data,senior,"SF, CA, USA","tf,ml,aws,go",104748,159185,50
111,frontend_engineer_111,role description 111,frontend,junior,"London, , UK","ml,python",66432,148428,19
112,devops_engineer_112,role description 112,devops,junior,"Austin, TX, USA","react,rust,tf",60362,172926,27
113,devops_engineer_113,role description 113,devops,mid,"Austin, TX, USA","ml,sql,kubernetes,python",76283,167639,51
114,devops_engineer_114,role description 114,devops,junior,"London, , UK","sql,ml,kubernetes,react",60974,145458,21
115,devops_engineer_115,role description 115,devops,mid,"SF, CA, USA","react,java",81455,137883,15
116,software_engineer_116,role description 116,software,staff,"Austin, TX, USA","java,kubernetes",119781,193345,54
117,software_engineer_117,role description 117,software,senior,"Berlin, , Germany","react,go,sql,aws",88735,133471,57
118,data_engineer_118,role description 118,data,senior,"Berlin, , Germany","react,sql,java,ml",61434,196759,18
119,software_engineer_119,role description 119,software,mid,"London, , UK","kubernetes,go,aws",89634,157691,18
120,devops_engineer_120,role description 120,devops,junior,"London, , UK","aws,react",73146,199739,13
121,frontend_engineer_121,role description 121,frontend,junior,"Austin, TX, USA","kubernetes,tf,react,go",111371,148255,1
122,frontend_engineer_122,role description 122,frontend,mid,"Berlin, , Germany","java,kubernetes,ml,sql",65433,165240,33
123,devops_engineer_123,role description 123,devops,junior,"Berlin, , Germany","rust,kubernetes,tf",106233,169218,15
124,ml_engineer_124,role description 124,ml,staff,"London, , UK","go,python,sql,java",86758,147095,50
125,devops_engineer_125,role description 125,devops,staff,"SF, CA, USA","aws,ml",61131,137451,10
126,software_engineer_126,role description 126,software,staff,"SF, CA, USA","go,react,rust",100388,161627,38
127,frontend_engineer_127,role description 127,frontend,senior,"Berlin, , Germany","sql,java,aws",87301,173034,30
128,devops_engineer_128,role description 128,devops,senior,"NYC, NY, USA","tf,aws,go",106293,140913,36
129,frontend_engineer_129,role description 129,frontend,senior,"SF, CA, USA","go,kubernetes",97084,181348,6
130,devops_engineer_130,role description 130,devops,mid,"London, , UK","kubernetes,python",107235,171110,27
131,devops_engineer_131,role description 131,devops,senior,"Austin, TX, USA","sql,java",87623,133330,37
132,software_engineer_132,role description 132,software,staff,"Berlin, , Germany","kubernetes,ml,python,sql",60476,195091,20
133,devops_engineer_133,role description 133,devops,staff,"Remote, , ","sql,tf,rust,python",67838,123508,52
134,frontend_engineer_134,role description 134,frontend,senior,"Remote, , ","go,aws",87534,172298,31
135,data_engineer_135,role description 135,data,junior,"London, , UK","python,tf,aws",83848,155166,21
136,frontend_engineer_136,role description 136,frontend,senior,"Berlin, , Germany","ml,python",107661,172304,1
137,software_engineer_137,role description 137,software,mid,"NYC, NY, USA","react,rust,ml",84699,181921,10
138,data_engineer_138,role description 138,data,senior,"Berlin, , Germany","kubernetes,go,sql,ml",111611,174976,28
139,devops_engineer_139,role description 139,devops,senior,"Remote, , ","ml,go,aws,rust",71262,172062,24
140,ml_engineer_140,role description 140,ml,staff,"London, , UK","ml,tf,rust,java",83092,187270,52
141,data_engineer_141,role description 141,data,mid,"Austin, TX, USA","react,python,ml",105378,176150,47
142,data_engineer_142,role description 142,data,staff,"Austin, TX, USA","ml,go,java",67445,185099,9
143,devops_engineer_143,role description 143,devops,staff,"Berlin, , Germany","sql,rust,go",79284,152227,35
144,ml_engineer_144,role description 144,ml,mid,"Remote, , ","aws,ml,go,react",105111,136225,27
145,ml_engineer_145,role description 145,ml,mid,"Remote, , ","kubernetes,tf,sql,aws",95339,138795,6
146,software_engineer_146,role description 146,software,senior,"SF, CA, USA","rust,ml",106684,168968,39
147,data_engineer_147,role description 147,data,staff,"Austin, TX, USA","kubernetes,sql,ml",90943,162542,32
148,ml_engineer_148,role description 148,ml,senior,"Austin, TX, USA","tf,ml",111551,126172,5
149,software_engineer_149,role description 149,software,staff,"Austin, TX, USA","python,rust,kubernetes",112645,136349,28
150,ml_engineer_150,role description 150,ml,mid,"SF, CA, USA","tf,java",118473,197404,43
151,data_engineer_151,role description 151,data,senior,"SF, CA, USA","rust,aws",67320,178098,19
152,ml_engineer_152,role description 152,ml,mid,"Austin, TX, USA","rust,python",95471,180398,21
153,data_engineer_153,role description 153,data,staff,"Berlin, , Germany","go,aws,react,tf",66855,135757,6
154,devops_engineer_154,role description 154,devops,mid,"London, , UK","ml,go,python",73733,125137,12
155,frontend_engineer_155,role description 155,frontend,senior,"Remote, , ","ml,rust",78019,143301,58
156,software_engineer_156,role description 156,software,junior,"Remote, , ","java,aws,react,kubernetes",98768,188550,37
157,devops_engineer_157,role description 157,devops,staff,"Berlin, , Germany","kubernetes,react",85872,160523,10
158,devops_engineer_158,role description 158,devops,mid,"London, , UK","sql,aws,go",111884,182769,28
159,frontend_engineer_159,role description 159,frontend,mid,"Remote, , ","ml,python,java",77912,158936,11
160,ml_engineer_160,role description 160,ml,senior,"London, , UK","sql,react,tf",97033,159214,26
161,frontend_engineer_161,role description 161,frontend,mid,"SF, CA, USA","tf,kubernetes,aws",105791,168067,8
162,devops_engineer_162,role description 162,devops,staff,"Remote, , ","go,kubernetes",118818,196714,37
163,devops_engineer_163,role description 163,devops,senior,"Austin, TX, USA","sql,aws,python",74715,154995,34
164,devops_engineer_164,role description 164,devops,senior,"Austin, TX, USA","java,aws,python,rust",104016,167660,38
165,ml_engineer_165,role description 165,ml,junior,"Austin, TX, USA","ml,java",65086,193557,26
166,data_engineer_166,role description 166,data,junior,"SF, CA, USA","rust,kubernetes",92605,149784,17
167,software_engineer_167,role description 167,software,mid,"Austin, TX, USA","python,rust",84827,187194,14
168,data_engineer_168,role description 168,data,staff,"Austin, TX, USA","sql,ml,java,go",117512,162804,12
169,software_engineer_169,role description 169,software,staff,"Austin, TX, USA","sql,java,kubernetes,react",106402,190329,25
170,software_engineer_170,role description 170,software,senior,"NYC, NY, USA","ml,python",115635,157425,27
171,software_engineer_171,role description 171,software,senior,"London, , UK","tf,sql,aws",111033,170361,40
172,frontend_engineer_172,role description 172,frontend,mid,"Austin, TX, USA","kubernetes,aws,java",84640,145862,3
173,frontend_engineer_173,role description 173,frontend,junior,"London, , UK","java,aws,kubernetes,react",104000,170800,16
174,frontend_engineer_174,role description 174,frontend,junior,"SF, CA, USA","java,python,aws",61828,146099,51
175,devops_engineer_175,role description 175,devops,mid,"London, , UK","react,rust",93473,168735,54
176,frontend_engineer_176,role description 176,frontend,mid,"NYC, NY, USA","react,tf",62838,183101,55
177,software_engineer_177,role description 177,software,junior,"Remote, , ","sql,ml",103451,154790,18
178,ml_engineer_178,role description 178,ml,mid,"Berlin, , Germany","go,aws,react",118003,154338,8
179,devops_engineer_179,role description 179,devops,junior,"Remote, , ","rust,tf,python,kubernetes",100883,145768,11
180,ml_engineer_180,role description 180,ml,senior,"London, , UK","aws,kubernetes,go,sql",110396,178437,7
181,software_engineer_181,role description 181,software,staff,"SF, CA, USA","ml,java,kubernetes",74061,167360,57
182,devops_engineer_182,role description 182,devops,senior,"Berlin, , Germany","kubernetes,python,java,aws",119634,161315,53
183,frontend_engineer_183,role description 183,frontend,mid,"Berlin, , Germany","python,tf,sql,java",93045,122042,48
184,devops_engineer_184,role description 184,devops,mid,"Berlin, , Germany","ml,rust",100467,128808,43
185,devops_engineer_185,role description 185,devops,mid,"SF, CA, USA","aws,sql",106236,120596,20
186,software_engineer_186,role description 186,software,junior,"SF, CA, USA","python,aws",98375,188019,28
187,data_engineer_187,role description 187,data,senior,"SF, CA, USA","python,rust",79027,188131,50
188,data_engineer_188,role description 188,data,senior,"Remote, , ","aws,python,go,sql",96685,125434,48
189,data_engineer_189,role description 189,data,junior,"Berlin, , Germany","tf,rust",99238,123713,31
190,frontend_engineer_190,role description 190,frontend,mid,"Remote, , ","go,rust,tf,java",111440,182514,50
191,frontend_engineer_191,role description 191,frontend,mid,"Remote, , ","sql,aws",88888,161983,20
192,frontend_engineer_192,role description 192,frontend,junior,"SF, CA, USA","react,rust,go",90107,144714,24
193,data_engineer_193,role description 193,data,senior,"SF, CA, USA","rust,tf,go,sql",90189,169199,50
194,ml_engineer_194,role description 194,ml,senior,"Berlin, , Germany","react,ml,java",66865,138917,22
195,software_engineer_195,role description 195,software,senior,"London, , UK","go,sql,aws",65403,135853,45
196,data_engineer_196,role description 196,data,senior,"SF, CA, USA","kubernetes,react,java",61225,149398,27
197,software_engineer_197,role description 197,software,staff,"Austin, TX, USA","kubernetes,ml,react",99973,191658,17
198,data_engineer_198,role description 198,data,staff,"Berlin, , Germany","java,ml",85131,181372,13
199,ml_engineer_199,role description 199,ml,senior,"SF, CA, USA","aws,tf",111941,135207,36
200,data_engineer_200,role description 200,data,staff,"Remote, , ","aws,ml,tf,python",102134,164937,28
201,ml_engineer_201,role description 201,ml,mid,"NYC, NY, USA","ml,java,sql,kubernetes",68485,190761,22
202,devops_engineer_202,role description 202,devops,staff,"NYC, NY, USA","ml,sql",66004,196129,44
203,frontend_engineer_203,role description 203,frontend,staff,"Remote, , ","kubernetes,ml,go",81966,181039,0
204,devops_engineer_204,role description 204,devops,senior,"Remote, , ","sql,tf,ml",115256,130308,5
205,data_engineer_205,role description 205,data,staff,"London, , UK","ml,react,kubernetes,sql",62920,139259,57
206,frontend_engineer_206,role description 206,frontend,senior,"NYC, NY, USA","tf,java,python",71244,137488,39
207,ml_engineer_207,role description 207,ml,senior,"Austin, TX, USA","tf,kubernetes,java,sql",61777,132059,32
208,data_engineer_208,role description 208,data,mid,"SF, CA, USA","kubernetes,sql",84819,134026,0
209,frontend_engineer_209,role description 209,frontend,staff,"NYC, NY, USA","kubernetes,react,tf",119379,145298,35
210,data_engineer_210,role description 210,data,senior,"London, , UK","go,python",101022,164440,26
211,frontend_engineer_211,role description 211,frontend,staff,"London, , UK","sql,java",89608,151836,35
212,frontend_engineer_212,role description 212,frontend,mid,"Berlin, , Germany","kubernetes,react,rust",68663,153665,2
213,devops_engineer_213,role description 213,devops,staff,"NYC, NY, USA","java,rust,react,python",81331,139662,33
214,frontend_engineer_214,role description 214,frontend,junior,"NYC, NY, USA","tf,sql,ml,react",91472,132083,34
215,data_engineer_215,role description 215,data,junior,"Remote, , ","java,ml,go,python",76492,199911,17
216,software_engineer_216,role description 216,software,senior,"Remote, , ","tf,react,python,go",102303,167919,3
217,software_engineer_217,role description 217,software,senior,"Austin, TX, USA","python,go",118800,138372,58
218,devops_engineer_218,role description 218,devops,staff,"SF, CA, USA","tf,ml,go,kubernetes",72356,184799,42
219,ml_engineer_219,role description 219,ml,mid,"SF, CA, USA","react,tf,rust,sql",75135,186450,37
220,software_engineer_220,role description 220,software,senior,"Austin, TX, USA","tf,java,react",67574,197342,46
221,devops_engineer_221,role description 221,devops,senior,"NYC, NY, USA","sql,rust",103542,132729,40
222,frontend_engineer_222,role description 222,frontend,staff,"NYC, NY, USA","go,kubernetes,react,rust",87703,171197,8
223,data_engineer_223,role description 223,data,senior,"Remote, , ","aws,react",77025,198419,27
224,frontend_engineer_224,role description 224,frontend,mid,"Remote, , ","python,aws,sql",73151,184533,53
225,data_engineer_225,role description 225,data,staff,"Berlin, , Germany","aws,kubernetes,tf",64229,138041,17
226,ml_engineer_226,role description 226,ml,junior,"Austin, TX, USA","sql,tf,ml,python",88569,191442,58
227,devops_engineer_227,role description 227,devops,staff,"Austin, TX, USA","go,sql,kubernetes",100996,153735,3
228,devops_engineer_228,role description 228,devops,junior,"SF, CA, USA","tf,java,sql",74101,159113,19
229,software_engineer_229,role description 229,software,mid,"Austin, TX, USA","java,sql",60097,164685,21
230,devops_engineer_230,role description 230,devops,staff,"Berlin, , Germany","java,react,python,ml",88399,181711,37
231,ml_engineer_231,role description 231,ml,senior,"NYC, NY, USA","sql,tf,aws",100544,129622,10
232,software_engineer_232,role description 232,software,staff,"Austin, TX, USA","kubernetes,java,aws",80699,163140,13
233,frontend_engineer_233,role description 233,frontend,senior,"NYC, NY, USA","kubernetes,react,python",75022,185345,39
234,devops_engineer_234,role description 234,devops,senior,"Berlin, , Germany","java,sql",69257,163880,17
235,frontend_engineer_235,role description 235,frontend,mid,"London, , UK","ml,react",104766,141974,52
236,frontend_engineer_236,role description 236,frontend,junior,"SF, CA, USA","aws,react,sql",111693,124502,52
237,devops_engineer_237,role description 237,devops,junior,"SF, CA, USA","rust,aws,go,react",106185,163941,18
238,data_engineer_238,role description 238,data,mid,"Remote, , ","tf,python,rust,go",91091,176268,33
239,frontend_engineer_239,role description 239,frontend,junior,"Austin, TX, USA","react,kubernetes,rust",103446,163970,19
240,software_engineer_240,role description 240,software,senior,"SF, CA, USA","kubernetes,tf,ml,react",83815,198348,20
241,devops_engineer_241,role description 241,devops,staff,"Berlin, , Germany","go,kubernetes,react,sql",61469,168211,40
242,software_engineer_242,role description 242,software,staff,"Remote, , ","sql,ml",82054,160658,17
243,frontend_engineer_243,role description 243,frontend,mid,"NYC, NY, USA","ml,aws,python",102224,124438,8
244,frontend_engineer_244,role description 244,frontend,staff,"London, , UK","react,aws,rust,ml",98840,164687,15
245,software_engineer_245,role description 245,software,staff,"London, , UK","kubernetes,java,aws,go",119408,133489,55
246,frontend_engineer_246,role description 246,frontend,staff,"Berlin, , Germany","kubernetes,java,aws",119849,177978,15
247,devops_engineer_247,role description 247,devops,mid,"SF, CA, USA","go,sql",74557,132895,21
248,frontend_engineer_248,role description 248,frontend,mid,"NYC, NY, USA","react,ml",60573,192535,37
249,software_engineer_249,role description 249,software,staff,"Remote, , ","react,go",76454,144164,6
250,software_engineer_250,role description 250,software,junior,"Berlin, , Germany","java,python,ml,react",112568,154718,16
251,devops_engineer_251,role description 251,devops,mid,"Berlin, , Germany","aws,sql",108811,131593,10
252,software_engineer_252,role description 252,software,junior,"SF, CA, USA","ml,rust,python,java",65925,136855,55
253,data_engineer_253,role description 253,data,staff,"Berlin, , Germany","tf,aws,rust",69623,193753,55
254,frontend_engineer_254,role description 254,frontend,senior,"SF, CA, USA","aws,python,sql",93811,142694,45
255,software_engineer_255,role description 255,software,junior,"London, , UK","aws,python",99635,161036,14
256,frontend_engineer_256,role description 256,frontend,junior,"London, , UK","go,kubernetes,aws,ml",118940,198511,36
257,software_engineer_257,role description 257,software,senior,"Berlin, , Germany","aws,tf,go",105301,169886,39
258,software_engineer_258,role description 258,software,senior,"NYC, NY, USA","rust,ml",72711,123331,52
259,devops_engineer_259,role description 259,devops,staff,"Austin, TX, USA","rust,kubernetes",62229,148599,9
260,frontend_engineer_260,role description 260,frontend,mid,"NYC, NY, USA","python,react,sql",98016,150948,44
261,software_engineer_261,role description 261,software,staff,"Austin, TX, USA","go,sql,java,aws",93225,142099,11
262,data_engineer_262,role description 262,data,mid,"NYC, NY, USA","sql,java,ml,python",115305,139294,34
263,ml_engineer_263,role description 263,ml,staff,"Berlin, , Germany","go,ml",94552,160254,52
264,ml_engineer_264,role description 264,ml,junior,"NYC, NY, USA","go,java",90074,150163,3
265,devops_engineer_265,role description 265,devops,junior,"NYC, NY, USA","rust,kubernetes,go,python",78206,143545,8
266,devops_engineer_266,role description 266,devops,junior,"London, , UK","rust,tf,ml,react",65176,153038,48
267,data_engineer_267,role description 267,data,mid,"London, , UK","tf,aws",112580,147491,1
268,frontend_engineer_268,role description 268,frontend,staff,"NYC, NY, USA","java,rust",109563,138299,41
269,devops_engineer_269,role description 269,devops,junior,"Austin, TX, USA","react,ml,java",69764,156220,30
270,data_engineer_270,role description 270,data,mid,"SF, CA, USA","python,rust,tf",102233,195384,20
271,software_engineer_271,role description 271,software,junior,"SF, CA, USA","rust,sql",81851,160458,51
272,software_engineer_272,role description 272,software,staff,"SF, CA, USA","kubernetes,java",86222,167804,50
273,ml_engineer_273,role description 273,ml,senior,"Remote, , ","tf,go",110920,198745,19
274,devops_engineer_274,role description 274,devops,staff,"SF, CA, USA","tf,rust,python",110521,169088,0
275,devops_engineer_275,role description 275,devops,senior,"Remote, , ","rust,react",71438,137865,7
276,devops_engineer_276,role description 276,devops,senior,"SF, CA, USA","java,react",78456,151877,6
277,frontend_engineer_277,role description 277,frontend,staff,"NYC, NY, USA","kubernetes,sql",109282,159038,58
278,software_engineer_278,role description 278,software,junior,"Remote, , ","aws,ml",115019,157982,35
279,software_engineer_279,role description 279,software,staff,"London, , UK","sql,react,aws,kubernetes",64744,131960,40
280,data_engineer_280,role description 280,data,senior,"London, , UK","python,java,go,kubernetes",110015,128466,13
281,devops_engineer_281,role description 281,devops,senior,"Remote, , ","ml,python,aws",89353,147999,51
282,frontend_engineer_282,role description 282,frontend,mid,"SF, CA, USA","go,kubernetes,python,aws",95418,193140,43
283,devops_engineer_283,role description 283,devops,staff,"London, , UK","python,kubernetes",64519,177384,45
284,devops_engineer_284,role description 284,devops,mid,"London, , UK","python,react,tf,ml",100821,187337,28
285,ml_engineer_285,role description 285,ml,junior,"London, , UK","go,java,tf",100674,133956,41
286,software_engineer_286,role description 286,software,staff,"Austin, TX, USA","tf,kubernetes,java,rust",99762,153141,32
287,devops_engineer_287,role description 287,devops,junior,"London, , UK","react,go,sql,ml",107436,166508,23
288,devops_engineer_288,role description 288,devops,junior,"Austin, TX, USA","aws,python",116763,154745,35
289,devops_engineer_289,role description 289,devops,senior,"Remote, , ","ml,kubernetes",110991,153336,19
290,ml_engineer_290,role description 290,ml,junior,"Remote, , ","sql,react,python,go",104687,148783,57
291,data_engineer_291,role description 291,data,staff,"SF, CA, USA","kubernetes,aws",118875,124126,43
292,ml_engineer_292,role description 292,ml,mid,"SF, CA, USA","kubernetes,tf,java,go",100472,188577,44
293,data_engineer_293,role description 293,data,junior,"London, , UK","kubernetes,ml,sql,go",100320,194646,43
294,devops_engineer_294,role description 294,devops,staff,"London, , UK","java,aws,python,ml",92523,126467,26
295,devops_engineer_295,role description 295,devops,senior,"London, , UK","python,java",106143,153088,57
296,ml_engineer_296,role description 296,ml,mid,"SF, CA, USA","java,tf",64282,161426,12
297,devops_engineer_297,role description 297,devops,senior,"Remote, , ","ml,python,kubernetes",90345,182714,34
298,data_engineer_298,role description 298,data,senior,"SF, CA, USA","react,go,rust",85519,198939,4
299,software_engineer_299,role description 299,software,junior,"Austin, TX, USA","ml,sql",114764,153305,17
300,data_engineer_300,role description 300,data,staff,"SF, CA, USA","ml,tf,react,sql",64353,179913,34
301,ml_engineer_301,role description 301,ml,mid,"NYC, NY, USA","aws,sql,rust",98625,194988,29
302,software_engineer_302,role description 302,software,senior,"Berlin, , Germany","react,tf,rust",71059,186423,56
303,ml_engineer_303,role description 303,ml,staff,"Austin, TX, USA","go,aws,java",113013,143237,36
304,devops_engineer_304,role description 304,devops,senior,"Austin, TX, USA","rust,aws,go",111111,185399,24
305,software_engineer_305,role description 305,software,senior,"NYC, NY, USA","sql,react,ml",74127,152978,25
306,data_engineer_306,role description 306,data,mid,"SF, CA, USA","python,react,java",112302,121401,36
307,devops_engineer_307,role description 307,devops,junior,"NYC, NY, USA","python,tf",89804,180709,47
308,data_engineer_308,role description 308,data,mid,"SF, CA, USA","rust,python,sql,kubernetes",118262,186832,16
309,software_engineer_309,role description 309,software,staff,"Berlin, , Germany","tf,kubernetes",103789,147493,35
310,frontend_engineer_310,role description 310,frontend,senior,"SF, CA, USA","python,kubernetes",62067,156074,34
311,frontend_engineer_311,role description 311,frontend,mid,"NYC, NY, USA","aws,java,go,python",72163,149148,0
312,software_engineer_312,role description 312,software,staff,"Berlin, , Germany","kubernetes,react,aws,java",84215,129362,54
313,data_engineer_313,role description 313,data,staff,"NYC, NY, USA","ml,sql",72680,199585,34
314,data_engineer_314,role description 314,data,staff,"SF, CA, USA","react,rust,go",67945,121809,14
315,frontend_engineer_315,role description 315,frontend,mid,"NYC, NY, USA","sql,python,java",118682,164449,38
316,frontend_engineer_316,role description 316,frontend,senior,"NYC, NY, USA","rust,ml,react",112143,121194,40
317,frontend_engineer_317,role description 317,frontend,senior,"Remote, , ","react,rust,ml",86076,175150,54
318,ml_engineer_318,role description 318,ml,mid,"Austin, TX, USA","rust,tf,ml",72901,192067,2
319,frontend_engineer_319,role description 319,frontend,mid,"London, , UK","rust,kubernetes",70908,171476,24
320,data_engineer_320,role description 320,data,junior,"NYC, NY, USA","python,ml,rust,react",114946,168493,10
321,software_engineer_321,role description 321,software,mid,"NYC, NY, USA","rust,ml,react,tf",79887,186233,34
322,frontend_engineer_322,role description 322,frontend,senior,"Remote, , ","java,sql,aws",60755,197938,30
323,ml_engineer_323,role description 323,ml,staff,"Berlin, , Germany","react,kubernetes,ml,tf",83842,188946,28
324,ml_engineer_324,role description 324,ml,staff,"London, , UK","react,python,go,rust",87260,138513,58
325,data_engineer_325,role description 325,data,junior,"London, , UK","kubernetes,react",97385,165060,31
326,data_engineer_326,role description 326,data,senior,"Remote, , ","sql,kubernetes,tf,react",80321,185504,24
327,software_engineer_327,role description 327,software,junior,"SF, CA, USA","tf,aws,java",115380,143564,4
328,software_engineer_328,role description 328,software,senior,"NYC, NY, USA","react,python",98612,174015,17
329,devops_engineer_329,role description 329,devops,mid,"NYC, NY, USA","tf,java,go,kubernetes",119195,121824,53
330,devops_engineer_330,role description 330,devops,mid,"NYC, NY, USA","sql,tf,aws,rust",82021,190186,27
331,data_engineer_331,role description 331,data,senior,"Austin, TX, USA","go,rust,kubernetes,tf",99101,169152,54
332,data_engineer_332,role description 332,data,mid,"SF, CA, USA","go,sql,tf",81920,179449,31
333,ml_engineer_333,role description 333,ml,staff,"London, , UK","python,go",101995,186037,32
334,devops_engineer_334,role description 334,devops,senior,"Berlin, , Germany","kubernetes,go,rust,react",104741,137502,25
335,ml_engineer_335,role description 335,ml,staff,"Berlin, , Germany","kubernetes,ml,rust",79309,156043,33
336,ml_engineer_336,role description 336,ml,senior,"Remote, , ","go,aws,tf,rust",116260,188691,4
337,data_engineer_337,role description 337,data,mid,"London, , UK","rust,python",111429,133176,3
338,data_engineer_338,role description 338,data,staff,"NYC, NY, USA","react,rust",113669,185797,28
339,ml_engineer_339,role description 339,ml,mid,"NYC, NY, USA","java,kubernetes",73067,143046,35
340,frontend_engineer_340,role description 340,frontend,senior,"Remote, , ","java,sql,react,tf",103071,166040,33
341,data_engineer_341,role description 341,data,junior,"Remote, , ","kubernetes,java,tf,aws",66382,160799,25
342,frontend_engineer_342,role description 342,frontend,junior,"Berlin, , Germany","tf,kubernetes",66330,174919,17
343,devops_engineer_343,role description 343,devops,senior,"London, , UK","ml,kubernetes",118395,186934,42
344,ml_engineer_344,role description 344,ml,junior,"Berlin, , Germany","go,ml,aws",69173,147918,36
345,data_engineer_345,role description 345,data,staff,"SF, CA, USA","tf,kubernetes",111848,133740,2
346,ml_engineer_346,role description 346,ml,staff,"SF, CA, USA","sql,rust",85848,153826,27
347,ml_engineer_347,role description 347,ml,senior,"London, , UK","python,tf",78218,168971,42
348,software_engineer_348,role description 348,software,senior,"SF, CA, USA","python,aws",64409,180035,47
349,software_engineer_349,role description 349,software,senior,"Berlin, , Germany","kubernetes,rust,java",100510,180269,17
350,devops_engineer_350,role description 350,devops,junior,"Berlin, , Germany","tf,aws,python,java",103279,147196,55
351,software_engineer_351,role description 351,software,mid,"London, , UK","tf,kubernetes,java,aws",88021,194883,39
352,data_engineer_352,role description 352,data,mid,"London, , UK","java,go,ml,tf",108596,126653,26
353,devops_engineer_353,role description 353,devops,staff,"Remote, , ","kubernetes,java",79387,129336,37
354,ml_engineer_354,role description 354,ml,junior,"SF, CA, USA","kubernetes,go,python,ml",93100,121981,52
355,ml_engineer_355,role description 355,ml,mid,"Remote, , ","aws,go",77206,194111,13
356,software_engineer_356,role description 356,software,mid,"Remote, , ","aws,react",94933,134409,9
357,ml_engineer_357,role description 357,ml,junior,"SF, CA, USA","ml,python,react,kubernetes",68161,168117,26
358,software_engineer_358,role description 358,software,junior,"Berlin, , Germany","aws,rust,ml",88570,185036,5
359,frontend_engineer_359,role description 359,frontend,mid,"SF, CA, USA","go,sql,aws",92959,181336,50
360,ml_engineer_360,role description 360,ml,junior,"Berlin, , Germany","sql,go,rust,kubernetes",93392,195907,58
361,ml_engineer_361,role description 361,ml,junior,"London, , UK","react,rust",86795,124301,36
362,data_engineer_362,role description 362,data,mid,"Austin, TX, USA","go,sql,python,java",98614,152565,58
363,ml_engineer_363,role description 363,ml,junior,"NYC, NY, USA","java,sql",90731,160491,4
364,software_engineer_364,role description 364,software,senior,"London, , UK","react,tf",76994,175691,37
365,devops_engineer_365,role description 365,devops,junior,"NYC, NY, USA","tf,rust,go",72921,169810,26
366,devops_engineer_366,role description 366,devops,mid,"Remote, , ","tf,aws,ml,java",98863,164795,16
367,data_engineer_367,role description 367,data,mid,"SF, CA, USA","go,kubernetes,tf,aws",116316,144546,18
368,software_engineer_368,role description 368,software,staff,"NYC, NY, USA","rust,react,go",105191,128517,32
369,frontend_engineer_369,role description 369,frontend,senior,"SF, CA, USA","sql,aws",98315,154532,38
370,data_engineer_370,role description 370,data,staff,"NYC, NY, USA","ml,python,sql,go",115291,140772,9
371,frontend_engineer_371,role description 371,frontend,mid,"London, , UK","aws,tf,ml,react",113976,164343,36
372,devops_engineer_372,role description 372,devops,mid,"NYC, NY, USA","java,aws",90388,183770,55
373,data_engineer_373,role description 373,data,mid,"Remote, , ","go,ml,tf",66556,164203,0
374,ml_engineer_374,role description 374,ml,staff,"London, , UK","kubernetes,rust,tf",98057,166643,52
375,software_engineer_375,role description 375,software,staff,"Austin, TX, USA","tf,ml,rust",97371,123348,36
376,frontend_engineer_376,role description 376,frontend,staff,"Austin, TX, USA","python,react,tf,java",76641,171571,20
377,frontend_engineer_377,role description 377,frontend,staff,"NYC, NY, USA","python,tf,aws,kubernetes",110967,155158,44
378,data_engineer_378,role description 378,data,senior,"Austin, TX, USA","tf,react,java,sql",112197,129895,37
379,data_engineer_379,role description 379,data,senior,"Berlin, , Germany","react,rust",79855,137105,46
380,software_engineer_380,role description 380,software,staff,"SF, CA, USA","kubernetes,go,ml,tf",88611,182459,4
381,ml_engineer_381,role description 381,ml,mid,"Remote, , ","java,tf",71708,193335,3
382,ml_engineer_382,role description 382,ml,mid,"Austin, TX, USA","rust,tf,ml",70701,160617,38
383,data_engineer_383,role description 383,data,staff,"Remote, , ","rust,python",75901,198126,18
384,software_engineer_384,role description 384,software,mid,"SF, CA, USA","react,java",81947,134403,14
385,software_engineer_385,role description 385,software,junior,"Austin, TX, USA","ml,python,aws",76376,143971,25
386,software_engineer_386,role description 386,software,senior,"Austin, TX, USA","react,aws",69098,194405,43
387,ml_engineer_387,role description 387,ml,mid,"Austin, TX, USA","java,go,python",86831,134014,10
388,ml_engineer_388,role description 388,ml,staff,"Austin, TX, USA","rust,react,ml,java",97413,172750,58
389,software_engineer_389,role description 389,software,staff,"Austin, TX, USA","tf,go,react",79557,137560,25
390,frontend_engineer_390,role description 390,frontend,mid,"Remote, , ","kubernetes,aws,react,tf",92012,146494,9
391,software_engineer_391,role description 391,software,senior,"SF, CA, USA","aws,react",76276,158220,4
392,data_engineer_392,role description 392,data,staff,"Berlin, , Germany","ml,java",102231,148799,51
393,devops_engineer_393,role description 393,devops,senior,"SF, CA, USA","aws,rust",98910,189960,6
394,frontend_engineer_394,role description 394,frontend,junior,"Remote, , ","ml,react,python,go",117603,197823,25
395,ml_engineer_395,role description 395,ml,senior,"Berlin, , Germany","sql,python",63181,160002,40
396,software_engineer_396,role description 396,software,senior,"Austin, TX, USA","kubernetes,java,rust",111188,162017,30
397,software_engineer_397,role description 397,software,senior,"SF, CA, USA","kubernetes,sql,aws,java",80421,124431,15
398,data_engineer_398,role description 398,data,junior,"SF, CA, USA","tf,python,react",63962,138736,6
399,data_engineer_399,role description 399,data,mid,"London, , UK","go,sql,kubernetes",101385,123190,42
400,ml_engineer_400,role description 400,ml,staff,"NYC, NY, USA","python,tf,react",70303,188531,29
401,frontend_engineer_401,role description 401,frontend,junior,"Berlin, , Germany","aws,python,tf,ml",70550,138191,2
402,data_engineer_402,role description 402,data,mid,"London, , UK","ml,aws,python",118779,147250,10
403,ml_engineer_403,role description 403,ml,mid,"Berlin, , Germany","react,java",73255,187421,33
404,devops_engineer_404,role description 404,devops,junior,"Remote, , ","rust,kubernetes,ml",92829,177063,10
405,devops_engineer_405,role description 405,devops,junior,"London, , UK","tf,java",72039,169718,23
406,devops_engineer_406,role description 406,devops,mid,"Remote, , ","kubernetes,rust",67439,123077,7
407,software_engineer_407,role description 407,software,staff,"London, , UK","aws,ml",60055,165036,47
408,ml_engineer_408,role description 408,ml,junior,"Remote, , ","python,ml,react",60962,164871,37
409,software_engineer_409,role description 409,software,mid,"NYC, NY, USA","react,ml,go,java",88426,145517,47
410,software_engineer_410,role description 410,software,junior,"Berlin, , Germany","go,tf",86040,179594,3
411,data_engineer_411,role description 411,data,senior,"NYC, NY, USA","kubernetes,sql",62337,194354,22
412,data_engineer_412,role description 412,data,mid,"Austin, TX, USA","tf,rust,python",80975,140722,16
413,software_engineer_413,role description 413,software,staff,"Berlin, , Germany","python,aws",76376,146494,37
414,software_engineer_414,role description 414,software,senior,"Remote, , ","ml,java,aws",94279,145786,49
415,frontend_engineer_415,role description 415,frontend,staff,"Remote, , ","aws,java",119688,186795,13
416,ml_engineer_416,role description 416,ml,senior,"Berlin, , Germany","kubernetes,ml",101498,126221,46
417,software_engineer_417,role description 417,software,mid,"SF, CA, USA","ml,rust",115103,191672,34
418,data_engineer_418,role description 418,data,staff,"SF, CA, USA","tf,go",71533,182002,49
419,devops_engineer_419,role description 419,devops,mid,"Remote, , ","sql,go,java",72904,158666,4
420,ml_engineer_420,role description 420,ml,staff,"SF, CA, USA","python,rust,kubernetes,react",105048,166681,59
421,frontend_engineer_421,role description 421,frontend,staff,"London, , UK","go,kubernetes,python",78600,191543,26
422,frontend_engineer_422,role description 422,frontend,senior,"NYC, NY, USA","go,kubernetes,tf",110926,181586,16
423,devops_engineer_423,role description 423,devops,senior,"London, , UK","ml,kubernetes,tf",87822,142144,10
424,devops_engineer_424,role description 424,devops,mid,"Remote, , ","ml,python,go,aws",72049,124032,59
425,software_engineer_425,role description 425,software,staff,"Berlin, , Germany","kubernetes,aws,rust",110664,172674,53
426,ml_engineer_426,role description 426,ml,senior,"NYC, NY, USA","rust,tf",93027,131664,7
427,ml_engineer_427,role description 427,ml,staff,"Remote, , ","sql,java",108158,127037,26
428,software_engineer_428,role description 428,software,mid,"London, , UK","sql,rust",87134,198583,44
429,frontend_engineer_429,role description 429,frontend,staff,"SF, CA, USA","kubernetes,go",67574,157914,35
430,software_engineer_430,role description 430,software,mid,"NYC, NY, USA","aws,kubernetes,ml",100862,172067,11
431,frontend_engineer_431,role description 431,frontend,junior,"Berlin, , Germany","aws,sql,kubernetes",67466,137386,21
432,ml_engineer_432,role description 432,ml,junior,"NYC, NY, USA","java,ml",99797,128135,22
433,software_engineer_433,role description 433,software,senior,"SF, CA, USA","sql,rust",85003,125021,17
434,devops_engineer_434,role description 434,devops,mid,"Remote, , ","go,rust",107491,148349,57
435,software_engineer_435,role description 435,software,junior,"Berlin, , Germany","rust,react,aws",112205,120298,12
436,devops_engineer_436,role description 436,devops,mid,"Berlin, , Germany","python,react,go,java",84442,153604,42
437,ml_engineer_437,role description 437,ml,senior,"London, , UK","ml,kubernetes",112925,145980,54
438,software_engineer_438,role description 438,software,mid,"Austin, TX, USA","java,go,aws,rust",66653,162146,47
439,data_engineer_439,role description 439,data,staff,"NYC, NY, USA","go,aws",66441,167162,47
440,ml_engineer_440,role description 440,ml,staff,"Remote, , ","ml,sql,aws",119612,144674,9
441,data_engineer_441,role description 441,data,senior,"NYC, NY, USA","ml,java,rust",94457,156418,7
442,software_engineer_442,role description 442,software,staff,"NYC, NY, USA","tf,python,sql,java",87042,126247,46
443,devops_engineer_443,role description 443,devops,mid,"SF, CA, USA","python,kubernetes,react",69340,144141,44
444,devops_engineer_444,role description 444,devops,junior,"Berlin, , Germany","go,ml,java",77339,198255,44
445,frontend_engineer_445,role description 445,frontend,junior,"Austin, TX, USA","rust,tf",101167,199296,25
446,data_engineer_446,role description 446,data,staff,"London, , UK","aws,rust,python,tf",109302,158864,31
447,ml_engineer_447,role description 447,ml,staff,"Berlin, , Germany","java,python,aws,ml",114985,195162,0
448,devops_engineer_448,role description 448,devops,senior,"London, , UK","sql,ml,java",84464,160104,17
449,data_engineer_449,role description 449,data,junior,"SF, CA, USA","react,sql,tf",87286,130052,31
450,ml_engineer_450,role description 450,ml,mid,"Austin, TX, USA","go,ml,tf",69797,189432,7
451,ml_engineer_451,role description 451,ml,junior,"Austin, TX, USA","python,ml,java",64984,153208,7
452,devops_engineer_452,role description 452,devops,junior,"NYC, NY, USA","aws,react,kubernetes",86271,168994,2
453,software_engineer_453,role description 453,software,junior,"Remote, , ","ml,tf,java,sql",94755,171907,12
454,devops_engineer_454,role description 454,devops,senior,"London, , UK","rust,go",66258,144642,59
455,devops_engineer_455,role description 455,devops,junior,"Remote, , ","aws,java,react",84511,178679,41
456,software_engineer_456,role description 456,software,staff,"Austin, TX, USA","rust,aws,java",98493,160104,56
457,frontend_engineer_457,role description 457,frontend,mid,"Austin, TX, USA","aws,tf,ml",108653,149309,15
458,ml_engineer_458,role description 458,ml,mid,"Remote, , ","kubernetes,aws",116309,143833,35
459,software_engineer_459,role description 459,software,senior,"NYC, NY, USA","java,ml,sql,react",80420,179702,53
460,frontend_engineer_460,role description 460,frontend,staff,"Remote, , ","kubernetes,go,python,react",83503,139947,21
461,software_engineer_461,role description 461,software,mid,"SF, CA, USA","python,rust",112493,129932,39
462,frontend_engineer_462,role description 462,frontend,junior,"Remote, , ","python,aws,tf,react",101596,190539,41
463,devops_engineer_463,role description 463,devops,junior,"Berlin, , Germany","java,kubernetes,sql,python",76422,146545,49
464,software_engineer_464,role description 464,software,staff,"Remote, , ","sql,kubernetes,python",101108,171282,58
465,ml_engineer_465,role description 465,ml,junior,"SF, CA, USA","react,aws",69451,177314,36
466,software_engineer_466,role description 466,software,senior,"SF, CA, USA","kubernetes,aws,java",86942,187067,34
467,devops_engineer_467,role description 467,devops,mid,"London, , UK","react,rust,sql",78388,170054,52
468,software_engineer_468,role description 468,software,staff,"NYC, NY, USA","sql,tf",119558,176635,41
469,ml_engineer_469,role description 469,ml,junior,"SF, CA, USA","aws,go,ml",62094,186976,21
470,frontend_engineer_470,role description 470,frontend,staff,"Austin, TX, USA","aws,react,tf,python",111405,195468,37
471,ml_engineer_471,role description 471,ml,senior,"NYC, NY, USA","react,kubernetes,sql",76874,123748,32
472,devops_engineer_472,role description 472,devops,mid,"Remote, , ","sql,aws",62173,179460,13
473,devops_engineer_473,role description 473,devops,junior,"SF, CA, USA","kubernetes,go,react",99607,133951,30
474,frontend_engineer_474,role description 474,frontend,staff,"NYC, NY, USA","python,kubernetes,react",100682,191302,37
475,frontend_engineer_475,role description 475,frontend,mid,"Remote, , ","ml,sql,rust",68536,123879,54
476,ml_engineer_476,role description 476,ml,mid,"Berlin, , Germany","sql,go",62299,139741,34
477,software_engineer_477,role description 477,software,mid,"SF, CA, USA","tf,sql",66681,135369,9
478,frontend_engineer_478,role description 478,frontend,junior,"NYC, NY, USA","tf,rust",84532,168273,59
479,software_engineer_479,role description 479,software,mid,"NYC, NY, USA","go,rust",67943,120342,34
480,data_engineer_480,role description 480,data,junior,"Berlin, , Germany","sql,rust,python",102182,121361,17
481,ml_engineer_481,role description 481,ml,junior,"Austin, TX, USA","ml,sql,python",64653,160336,45
482,data_engineer_482,role description 482,data,mid,"SF, CA, USA","aws,react,tf",107334,197733,23
483,frontend_engineer_483,role description 483,frontend,junior,"SF, CA, USA","aws,ml,java",112478,162265,22
484,devops_engineer_484,role description 484,devops,mid,"Remote, , ","kubernetes,go,tf,rust",103011,155674,50
485,data_engineer_485,role description 485,data,staff,"Remote, , ","java,rust,go,python",116646,172631,52
486,data_engineer_486,role description 486,data,junior,"SF, CA, USA","tf,kubernetes,rust,sql",116353,164144,31
487,devops_engineer_487,role description 487,devops,junior,"NYC, NY, USA","tf,sql,java,ml",62793,150792,22
488,frontend_engineer_488,role description 488,frontend,junior,"Berlin, , Germany","sql,tf,rust",80517,167083,51
489,frontend_engineer_489,role description 489,frontend,senior,"Remote, , ","sql,aws",105604,120256,10
490,ml_engineer_490,role description 490,ml,mid,"Remote, , ","tf,go,sql,react",80378,139559,44
491,ml_engineer_491,role description 491,ml,mid,"SF, CA, USA","java,go",104229,173911,35
492,frontend_engineer_492,role description 492,frontend,junior,"Austin, TX, USA","rust,go",106458,147324,51
493,frontend_engineer_493,role description 493,frontend,mid,"Berlin, , Germany","python,sql,tf,ml",119814,124343,25
494,data_engineer_494,role description 494,data,mid,"Remote, , ","kubernetes,rust,java",79792,129955,49
495,devops_engineer_495,role description 495,devops,mid,"SF, CA, USA","java,kubernetes,sql,aws",80872,189293,0
496,software_engineer_496,role description 496,software,senior,"London, , UK","tf,kubernetes",61456,146366,45
497,data_engineer_497,role description 497,data,staff,"Austin, TX, USA","go,sql,kubernetes",77130,121812,4
498,ml_engineer_498,role description 498,ml,mid,"NYC, NY, USA","go,kubernetes",76831,178304,38
499,devops_engineer_499,role description 499,devops,staff,"Austin, TX, USA","tf,ml",87184,162438,11
500,software_engineer_500,role description 500,software,senior,"London, , UK","ml,sql,tf,python",85270,156110,57
501,frontend_engineer_501,role description 501,frontend,mid,"NYC, NY, USA","tf,python,ml",111394,191593,46
502,ml_engineer_502,role description 502,ml,junior,"London, , UK","ml,go",106427,145097,6
503,ml_engineer_503,role description 503,ml,mid,"NYC, NY, USA","ml,sql,kubernetes,java",103715,165799,53
504,data_engineer_504,role description 504,data,senior,"NYC, NY, USA","aws,tf",60312,179592,15
505,devops_engineer_505,role description 505,devops,junior,"NYC, NY, USA","sql,tf",88297,168673,32
506,devops_engineer_506,role description 506,devops,staff,"Remote, , ","go,python,aws,rust",103775,136637,5
507,data_engineer_507,role description 507,data,mid,"Berlin, , Germany","python,go",74673,174528,6
508,data_engineer_508,role description 508,data,staff,"Remote, , ","kubernetes,go,ml",85491,179471,14
509,data_engineer_509,role description 509,data,senior,"NYC, NY, USA","python,rust",103620,129792,32
510,ml_engineer_510,role description 510,ml,mid,"SF, CA, USA","java,react",107672,133235,32
511,frontend_engineer_511,role description 511,frontend,junior,"Austin, TX, USA","kubernetes,go,aws",111271,173994,51
512,ml_engineer_512,role description 512,ml,senior,"Austin, TX, USA","tf,java,go,aws",85788,129518,9
513,ml_engineer_513,role description 513,ml,mid,"London, , UK","sql,kubernetes,react",83997,190428,44
514,ml_engineer_514,role description 514,ml,junior,"NYC, NY, USA","sql,ml,react",82962,128765,0
515,software_engineer_515,role description 515,software,staff,"London, , UK","sql,react,java",100115,197937,17
516,ml_engineer_516,role description 516,ml,mid,"London, , UK","go,ml",85172,173721,10
517,software_engineer_517,role description 517,software,junior,"Berlin, , Germany","python,go,react",84012,155444,7
518,devops_engineer_518,role description 518,devops,mid,"NYC, NY, USA","kubernetes,tf,sql",70096,141471,35
519,devops_engineer_519,role description 519,devops,mid,"Austin, TX, USA","react,python,rust,aws",88709,147560,54
520,data_engineer_520,role description 520,data,staff,"Remote, , ","tf,java,sql,go",74237,179881,40
521,software_engineer_521,role description 521,software,senior,"NYC, NY, USA","sql,kubernetes,ml",91494,180264,51
522,software_engineer_522,role description 522,software,junior,"SF, CA, USA","ml,go",113319,136692,35
523,ml_engineer_523,role description 523,ml,junior,"Remote, , ","aws,rust,tf,sql",106543,163429,3
524,data_engineer_524,role description 524,data,senior,"NYC, NY, USA","rust,go",88683,199434,20
525,data_engineer_525,role description 525,data,junior,"SF, CA, USA","rust,sql,ml,react",118650,140584,49
526,ml_engineer_526,role description 526,ml,mid,"Remote, , ","tf,java,ml",118813,175472,2
527,software_engineer_527,role description 527,software,junior,"Austin, TX, USA","java,sql",86661,133772,5
528,ml_engineer_528,role description 528,ml,junior,"NYC, NY, USA","python,react",105810,186726,50
529,ml_engineer_529,role description 529,ml,staff,"Berlin, , Germany","ml,kubernetes,java,sql",80538,133618,3
530,devops_engineer_530,role description 530,devops,junior,"Austin, TX, USA","python,ml",112718,143809,57
531,software_engineer_531,role description 531,software,junior,"London, , UK","rust,ml",82415,156734,45
532,software_engineer_532,role description 532,software,staff,"Austin, TX, USA","rust,python",75496,149652,39
533,data_engineer_533,role description 533,data,junior,"SF, CA, USA","go,python,java",68033,133609,32
534,devops_engineer_534,role description 534,devops,staff,"London, , UK","tf,rust,java,sql",110558,171278,5
535,software_engineer_535,role description 535,software,junior,"Austin, TX, USA","rust,tf",77816,121577,24
536,devops_engineer_536,role description 536,devops,junior,"SF, CA, USA","kubernetes,java,tf",108799,198681,48
537,software_engineer_537,role description 537,software,junior,"Remote, , ","tf,go,react,kubernetes",65186,124167,54
538,devops_engineer_538,role description 538,devops,senior,"Berlin, , Germany","rust,react",90053,146708,26
539,software_engineer_539,role description 539,software,senior,"Remote, , ","kubernetes,aws",85673,194390,50
540,frontend_engineer_540,role description 540,frontend,mid,"SF, CA, USA","react,python",86329,132406,46
541,software_engineer_541,role description 541,software,junior,"Austin, TX, USA","java,sql,kubernetes",70041,125836,3
542,software_engineer_542,role description 542,software,junior,"Austin, TX, USA","sql,python",64431,179513,37
543,software_engineer_543,role description 543,software,senior,"Remote, , ","python,ml,java,tf",80784,125854,36
544,ml_engineer_544,role description 544,ml,junior,"London, , UK","react,sql,aws,python",88213,191967,32
545,software_engineer_545,role description 545,software,senior,"Remote, , ","react,ml,sql,go",107614,156095,46
546,devops_engineer_546,role description 546,devops,senior,"London, , UK","ml,sql,kubernetes",87747,189546,53
547,devops_engineer_547,role description 547,devops,staff,"Berlin, , Germany","rust,go,java,sql",74755,139608,33
548,devops_engineer_548,role description 548,devops,mid,"Remote, , ","go,python,aws,java",75749,131290,19
549,frontend_engineer_549,role description 549,frontend,junior,"NYC, NY, USA","java,aws",96713,197015,58
550,ml_engineer_550,role description 550,ml,mid,"Berlin, , Germany","go,kubernetes,ml",86139,180973,57
551,data_engineer_551,role description 551,data,staff,"SF, CA, USA","ml,tf",114070,192878,41
552,ml_engineer_552,role description 552,ml,senior,"SF, CA, USA","python,go,java,ml",86386,145591,38
553,data_engineer_553,role description 553,data,senior,"SF, CA, USA","tf,rust,python",94015,152379,6
554,ml_engineer_554,role description 554,ml,mid,"Austin, TX, USA","ml,java",63834,166177,24
555,devops_engineer_555,role description 555,devops,junior,"NYC, NY, USA","kubernetes,python,rust",71627,155898,11
556,frontend_engineer_556,role description 556,frontend,staff,"London, , UK","rust,python,ml",111010,139413,30
557,ml_engineer_557,role description 557,ml,staff,"Austin, TX, USA","java,rust",80685,150009,49
558,frontend_engineer_558,role description 558,frontend,staff,"NYC, NY, USA","sql,ml,python",85260,168700,13
559,ml_engineer_559,role description 559,ml,staff,"Berlin, , Germany","aws,sql,python,react",95422,123029,59
560,devops_engineer_560,role description 560,devops,mid,"Berlin, , Germany","python,aws,tf,go",63471,146875,7
561,software_engineer_561,role description 561,software,mid,"Remote, , ","kubernetes,tf",90396,143427,5
562,devops_engineer_562,role description 562,devops,junior,"London, , UK","go,python",80770,125625,58
563,software_engineer_563,role description 563,software,staff,"Remote, , ","java,go",68917,129813,6
564,ml_engineer_564,role description 564,ml,senior,"Remote, , ","ml,sql",85100,159654,44
565,data_engineer_565,role description 565,data,mid,"Remote, , ","go,java,aws,tf",86807,128189,45
566,data_engineer_566,role description 566,data,staff,"London, , UK","go,rust,aws",71179,147592,19
567,data_engineer_567,role description 567,data,senior,"Berlin, , Germany","kubernetes,rust",92584,164868,3
568,frontend_engineer_568,role description 568,frontend,staff,"Remote, , ","rust,python,aws,go",104770,189907,18
569,devops_engineer_569,role description 569,devops,staff,"Austin, TX, USA","go,python,sql,react",76039,127901,4
570,ml_engineer_570,role description 570,ml,junior,"London, , UK","rust,kubernetes,sql,ml",117991,154771,40
571,devops_engineer_571,role description 571,devops,mid,"Austin, TX, USA","go,sql",96746,128234,53
572,data_engineer_572,role description 572,data,senior,"London, , UK","aws,kubernetes",106384,154285,59
573,software_engineer_573,role description 573,software,staff,"Remote, , ","rust,ml",64209,158441,48
574,software_engineer_574,role description 574,software,junior,"London, , UK","ml,aws",106048,183941,46
575,data_engineer_575,role description 575,data,mid,"SF, CA, USA","sql,kubernetes,ml",80196,155382,52
576,ml_engineer_576,role description 576,ml,senior,"SF, CA, USA","tf,kubernetes",102608,194841,46
577,devops_engineer_577,role description 577,devops,staff,"Remote, , ","kubernetes,tf,aws,rust",108256,131010,39
578,ml_engineer_578,role description 578,ml,junior,"Austin, TX, USA","java,python",75023,124252,59
579,software_engineer_579,role description 579,software,senior,"Berlin, , Germany","python,ml,sql,react",75557,120355,19
580,software_engineer_580,role description 580,software,mid,"Remote, , ","ml,tf,aws,sql",63571,148539,24
581,ml_engineer_581,role description 581,ml,junior,"Remote, , ","rust,java,python",96310,135437,54
582,software_engineer_582,role description 582,software,senior,"SF, CA, USA","rust,aws,sql,python",106441,127326,18
583,software_engineer_583,role description 583,software,mid,"Berlin, , Germany","sql,rust",84601,138871,17
584,devops_engineer_584,role description 584,devops,senior,"Remote, , ","java,aws,react,sql",69659,197998,9
585,ml_engineer_585,role description 585,ml,mid,"Berlin, , Germany","java,react",78987,184019,16
586,frontend_engineer_586,role description 586,frontend,staff,"Remote, , ","react,aws",84170,121485,35
587,software_engineer_587,role description 587,software,junior,"SF, CA, USA","sql,kubernetes,python",114967,193235,53
588,ml_engineer_588,role description 588,ml,staff,"Austin, TX, USA","kubernetes,java",67441,136420,8
589,ml_engineer_589,role description 589,ml,junior,"Remote, , ","java,ml,kubernetes,tf",80595,152475,40
590,ml_engineer_590,role description 590,ml,senior,"NYC, NY, USA","sql,kubernetes,java,tf",98283,146210,45
591,ml_engineer_591,role description 591,ml,mid,"Remote, , ","rust,go",74200,152402,53
592,data_engineer_592,role description 592,data,mid,"Berlin, , Germany","aws,sql",113084,180857,45
593,ml_engineer_593,role description 593,ml,junior,"NYC, NY, USA","react,aws,java",114558,176998,9
594,data_engineer_594,role description 594,data,senior,"SF, CA, USA","java,kubernetes,rust,python",82806,167523,29
595,ml_engineer_595,role description 595,ml,junior,"NYC, NY, USA","sql,ml",104756,170153,57
596,devops_engineer_596,role description 596,devops,senior,"Berlin, , Germany","python,sql",105355,178202,54
597,frontend_engineer_597,role description 597,frontend,senior,"London, , UK","kubernetes,python",100907,134731,36
598,frontend_engineer_598,role description 598,frontend,staff,"Austin, TX, USA","aws,python,tf,java",71189,151653,57
599,frontend_engineer_599,role description 599,frontend,senior,"Remote, , ","rust,java,sql",62972,128615,40
600,frontend_engineer_600,role description 600,frontend,mid,"Austin, TX, USA","ml,sql",80833,176333,3
601,frontend_engineer_601,role description 601,frontend,senior,"SF, CA, USA","rust,go,aws,ml",67872,155008,54
602,frontend_engineer_602,role description 602,frontend,staff,"London, , UK","sql,aws,react",77539,170982,10
603,software_engineer_603,role description 603,software,mid,"Berlin, , Germany","aws,python,ml",98300,165186,22
604,ml_engineer_604,role description 604,ml,junior,"London, , UK","sql,python",95328,141890,14
605,devops_engineer_605,role description 605,devops,staff,"London, , UK","sql,ml,aws,python",72565,131096,43
606,data_engineer_606,role description 606,data,junior,"Berlin, , Germany","aws,react",61062,197835,1
607,devops_engineer_607,role description 607,devops,senior,"SF, CA, USA","kubernetes,ml,go",73538,143461,38
608,ml_engineer_608,role description 608,ml,junior,"Berlin, , Germany","aws,python",87288,128765,51
609,ml_engineer_609,role description 609,ml,junior,"London, , UK","tf,go,aws",106748,144475,47
610,ml_engineer_610,role description 610,ml,staff,"Austin, TX, USA","python,sql",81908,192193,18
611,devops_engineer_611,role description 611,devops,junior,"Austin, TX, USA","java,aws,kubernetes",77155,140903,53
612,frontend_engineer_612,role description 612,frontend,senior,"SF, CA, USA","react,go",93080,198943,21
613,data_engineer_613,role description 613,data,senior,"Berlin, , Germany","sql,aws,python,tf",64295,156860,40
614,frontend_engineer_614,role description 614,frontend,junior,"NYC, NY, USA","tf,kubernetes",73526,188945,30
615,frontend_engineer_615,role description 615,frontend,junior,"London, , UK","go,aws,rust",62185,172245,4
616,data_engineer_616,role description 616,data,staff,"Austin, TX, USA","sql,python,rust",91536,123514,0
617,data_engineer_617,role description 617,data,senior,"NYC, NY, USA","rust,python",86590,160751,10
618,software_engineer_618,role description 618,software,junior,"Berlin, , Germany","kubernetes,python",94953,153354,56
619,software_engineer_619,role description 619,software,staff,"Austin, TX, USA","ml,sql,aws,rust",97027,136116,57
620,devops_engineer_620,role description 620,devops,mid,"Austin, TX, USA","tf,java,python,rust",83707,163998,24
621,devops_engineer_621,role description 621,devops,junior,"Remote, , ","aws,tf",112133,128235,58
622,software_engineer_622,role description 622,software,staff,"NYC, NY, USA","aws,java,python,rust",115095,175863,2
623,devops_engineer_623,role description 623,devops,junior,"Austin, TX, USA","ml,aws,tf",66648,185749,58
624,frontend_engineer_624,role description 624,frontend,senior,"Austin, TX, USA","tf,react,sql,rust",115207,127403,13
625,data_engineer_625,role description 625,data,staff,"Berlin, , Germany","python,go",71800,158344,2
626,data_engineer_626,role description 626,data,senior,"Austin, TX, USA","kubernetes,rust,ml",74904,172409,45
627,data_engineer_627,role description 627,data,senior,"NYC, NY, USA","react,tf,java,ml",91788,124971,22
628,devops_engineer_628,role description 628,devops,mid,"Berlin, , Germany","kubernetes,java,python,rust",61764,151146,17
629,data_engineer_629,role description 629,data,junior,"NYC, NY, USA","aws,kubernetes,tf",81846,140649,45
630,frontend_engineer_630,role description 630,frontend,senior,"Austin, TX, USA","tf,go",71675,123140,19
631,data_engineer_631,role description 631,data,staff,"London, , UK","react,java",88952,184322,45
632,devops_engineer_632,role description 632,devops,junior,"Austin, TX, USA","aws,java,go,sql",108881,155573,11
633,data_engineer_633,role description 633,data,staff,"Berlin, , Germany","react,ml",115447,180138,5
634,software_engineer_634,role description 634,software,mid,"NYC, NY, USA","tf,react,python",72731,166966,19
635,frontend_engineer_635,role description 635,frontend,senior,"NYC, NY, USA","python,ml,react,sql",92693,190065,36
636,data_engineer_636,role description 636,data,junior,"Remote, , ","kubernetes,python,ml",88465,199760,13
637,data_engineer_637,role description 637,data,senior,"London, , UK","python,tf",84907,168167,8
638,frontend_engineer_638,role description 638,frontend,junior,"NYC, NY, USA","rust,aws",97961,148173,44
639,ml_engineer_639,role description 639,ml,mid,"Austin, TX, USA","aws,java,tf",119366,153832,29
640,frontend_engineer_640,role description 640,frontend,senior,"SF, CA, USA","ml,tf,react,rust",84314,186032,25
641,ml_engineer_641,role description 641,ml,junior,"Remote, , ","go,python,react,java",63912,154130,14
642,ml_engineer_642,role description 642,ml,mid,"SF, CA, USA","go,tf",114958,161579,1
643,devops_engineer_643,role description 643,devops,senior,"Remote, , ","python,kubernetes,ml,tf",115926,135520,3
644,frontend_engineer_644,role description 644,frontend,junior,"Remote, , ","python,kubernetes,aws,rust",79342,199205,40
645,data_engineer_645,role description 645,data,mid,"NYC, NY, USA","rust,tf",90099,172063,4
646,devops_engineer_646,role description 646,devops,mid,"Berlin, , Germany","aws,react,java",111755,146416,14
647,devops_engineer_647,role description 647,devops,senior,"London, , UK","kubernetes,ml,go,python",90225,166805,54
648,ml_engineer_648,role description 648,ml,staff,"Austin, TX, USA","java,python,aws",88871,152091,20
649,ml_engineer_649,role description 649,ml,staff,"SF, CA, USA","python,aws,rust",115317,132389,44
650,devops_engineer_650,role description 650,devops,junior,"Austin, TX, USA","rust,java",109728,189979,20
651,frontend_engineer_651,role description 651,frontend,junior,"Austin, TX, USA","tf,go,java",90439,190853,55
652,data_engineer_652,role description 652,data,junior,"Austin, TX, USA","react,sql,ml",69690,186791,49
653,ml_engineer_653,role description 653,ml,senior,"Remote, , ","go,ml,tf,aws",86304,149477,28
654,devops_engineer_654,role description 654,devops,junior,"Austin, TX, USA","ml,kubernetes",100587,140512,41
655,devops_engineer_655,role description 655,devops,junior,"Berlin, , Germany","python,go,sql",76349,123979,24
656,frontend_engineer_656,role description 656,frontend,staff,"NYC, NY, USA","aws,tf,react,java",92236,178523,56
657,frontend_engineer_657,role description 657,frontend,staff,"SF, CA, USA","rust,java",99529,146230,21
658,software_engineer_658,role description 658,software,staff,"London, , UK","tf,python",65101,191377,50
659,data_engineer_659,role description 659,data,mid,"NYC, NY, USA","sql,rust",94178,189588,36
660,software_engineer_660,role description 660,software,senior,"Remote, , ","go,kubernetes",104253,130254,38
661,frontend_engineer_661,role description 661,frontend,senior,"London, , UK","java,kubernetes",72860,193356,21
662,software_engineer_662,role description 662,software,junior,"NYC, NY, USA","go,tf",92904,131223,49
663,data_engineer_663,role description 663,data,senior,"Remote, , ","kubernetes,tf,python",102564,159231,44
664,devops_engineer_664,role description 664,devops,senior,"SF, CA, USA","kubernetes,java,go",62657,157914,48
665,frontend_engineer_665,role description 665,frontend,mid,"Berlin, , Germany","python,kubernetes",98645,196507,48
666,devops_engineer_666,role description 666,devops,staff,"SF, CA, USA","aws,kubernetes",75584,172584,9
667,ml_engineer_667,role description 667,ml,senior,"Austin, TX, USA","python,react,java",83840,190019,52
668,ml_engineer_668,role description 668,ml,senior,"NYC, NY, USA","rust,python",98880,167664,50
669,software_engineer_669,role description 669,software,senior,"Austin, TX, USA","java,aws,react",60264,186018,14
670,ml_engineer_670,role description 670,ml,staff,"London, , UK","rust,react,aws,tf",61007,188169,58
671,frontend_engineer_671,role description 671,frontend,senior,"Austin, TX, USA","aws,go,kubernetes",86794,188776,31
672,frontend_engineer_672,role description 672,frontend,mid,"Austin, TX, USA","kubernetes,sql,rust",116986,152929,19
673,software_engineer_673,role description 673,software,staff,"SF, CA, USA","react,kubernetes",60363,150550,13
674,frontend_engineer_674,role description 674,frontend,senior,"Austin, TX, USA","rust,kubernetes",107326,198785,21
675,frontend_engineer_675,role description 675,frontend,staff,"Berlin, , Germany","rust,sql,ml",64499,180517,2
676,devops_engineer_676,role description 676,devops,junior,"Austin, TX, USA","rust,go",89335,193384,41
677,software_engineer_677,role description 677,software,mid,"Austin, TX, USA","java,react,ml",85836,166187,42
678,devops_engineer_678,role description 678,devops,staff,"Berlin, , Germany","react,tf,aws,ml",88085,194321,40
679,ml_engineer_679,role description 679,ml,senior,"Remote, , ","go,rust",64915,177574,32
680,frontend_engineer_680,role description 680,frontend,staff,"NYC, NY, USA","tf,react,kubernetes",105211,179405,21
681,software_engineer_681,role description 681,software,junior,"NYC, NY, USA","react,rust,go,python",76539,134222,43
682,ml_engineer_682,role description 682,ml,junior,"Remote, , ","rust,ml",106263,165350,52
683,ml_engineer_683,role description 683,ml,staff,"London, , UK","kubernetes,go,ml",99329,178511,5
684,software_engineer_684,role description 684,software,mid,"Berlin, , Germany","kubernetes,ml,rust",93077,180879,22
685,ml_engineer_685,role description 685,ml,senior,"Remote, , ","tf,aws",78516,196607,59
686,devops_engineer_686,role description 686,devops,mid,"SF, CA, USA","tf,rust,kubernetes,ml",99135,146155,51
687,devops_engineer_687,role description 687,devops,mid,"Berlin, , Germany","aws,ml,tf,go",119858,144213,59
688,devops_engineer_688,role description 688,devops,staff,"Berlin, , Germany","rust,react,ml",115387,197558,10
689,frontend_engineer_689,role description 689,frontend,junior,"Austin, TX, USA","rust,python,sql,react",114978,198892,27
690,ml_engineer_690,role description 690,ml,staff,"London, , UK","tf,kubernetes,python",73182,134390,7
691,frontend_engineer_691,role description 691,frontend,staff,"Berlin, , Germany","sql,go",95118,150270,51
692,ml_engineer_692,role description 692,ml,senior,"Austin, TX, USA","go,rust",83868,195847,31
693,ml_engineer_693,role description 693,ml,mid,"Remote, , ","aws,sql,java,go",118016,135977,14
694,software_engineer_694,role description 694,software,junior,"Austin, TX, USA","aws,rust,kubernetes,react",117005,182653,5
695,data_engineer_695,role description 695,data,senior,"Remote, , ","react,tf,aws",112081,128982,44
696,frontend_engineer_696,role description 696,frontend,mid,"NYC, NY, USA","sql,java",69763,134264,48
697,devops_engineer_697,role description 697,devops,junior,"Remote, , ","ml,kubernetes,go",79133,182796,52
698,software_engineer_698,role description 698,software,mid,"NYC, NY, USA","java,aws",102676,168597,58
699,software_engineer_699,role description 699,software,staff,"NYC, NY, USA","kubernetes,rust",104975,164386,48
700,devops_engineer_700,role description 700,devops,mid,"Austin, TX, USA","rust,go,aws",81017,188526,47
701,frontend_engineer_701,role description 701,frontend,junior,"London, , UK","kubernetes,tf,ml",68209,144570,48
702,software_engineer_702,role description 702,software,senior,"SF, CA, USA","sql,java,tf,react",68214,160263,59
703,software_engineer_703,role description 703,software,junior,"Austin, TX, USA","aws,ml",101073,168676,27
704,software_engineer_704,role description 704,software,staff,"NYC, NY, USA","java,sql",87250,179189,45
705,devops_engineer_705,role description 705,devops,staff,"SF, CA, USA","tf,java,python,sql",89464,146568,49
706,software_engineer_706,role description 706,software,staff,"London, , UK","tf,react,sql",108921,170690,6
707,devops_engineer_707,role description 707,devops,staff,"SF, CA, USA","ml,python,sql,kubernetes",61009,155868,41
708,devops_engineer_708,role description 708,devops,junior,"London, , UK","react,rust,ml",105271,163356,20
709,devops_engineer_709,role description 709,devops,junior,"Austin, TX, USA","ml,sql,react,rust",76453,189013,7
710,frontend_engineer_710,role description 710,frontend,mid,"NYC, NY, USA","aws,tf,java",115872,151492,10
711,devops_engineer_711,role description 711,devops,mid,"NYC, NY, USA","aws,rust",117322,173453,6
712,frontend_engineer_712,role description 712,frontend,staff,"Austin, TX, USA","python,aws",90128,195359,53
713,frontend_engineer_713,role description 713,frontend,senior,"Berlin, , Germany","kubernetes,tf,go",78949,180992,46
714,ml_engineer_714,role description 714,ml,senior,"Berlin, , Germany","go,react",73990,199097,6
715,frontend_engineer_715,role description 715,frontend,staff,"Remote, , ","sql,python",70887,166679,37
716,devops_engineer_716,role description 716,devops,senior,"Remote, , ","tf,rust,react,sql",119952,142556,39
717,devops_engineer_717,role description 717,devops,mid,"London, , UK","go,java",71251,199311,31
718,data_engineer_718,role description 718,data,mid,"Berlin, , Germany","java,react",86793,171566,36
719,devops_engineer_719,role description 719,devops,senior,"NYC, NY, USA","go,aws,java",88752,139312,54
720,software_engineer_720,role description 720,software,junior,"Berlin, , Germany","go,aws,kubernetes,rust",100750,145375,31
721,ml_engineer_721,role description 721,ml,senior,"London, , UK","rust,ml,java,tf",110558,140983,39
722,ml_engineer_722,role description 722,ml,senior,"NYC, NY, USA","react,aws,sql,rust",93479,186688,34
723,software_engineer_723,role description 723,software,senior,"Remote, , ","sql,kubernetes,go,tf",105480,127404,23
724,frontend_engineer_724,role description 724,frontend,senior,"London, , UK","python,rust",94001,179192,53
725,software_engineer_725,role description 725,software,staff,"Berlin, , Germany","aws,kubernetes,go",86211,164321,24
726,frontend_engineer_726,role description 726,frontend,staff,"NYC, NY, USA","python,ml",69464,125877,47
727,software_engineer_727,role description 727,software,senior,"NYC, NY, USA","sql,java",72523,169068,36
728,devops_engineer_728,role description 728,devops,mid,"Berlin, , Germany","ml,aws,java",85945,180252,41
729,frontend_engineer_729,role description 729,frontend,junior,"Remote, , ","go,rust",62763,178076,45
730,frontend_engineer_730,role description 730,frontend,staff,"Austin, TX, USA","go,rust,python",78981,162281,44
731,devops_engineer_731,role description 731,devops,staff,"Berlin, , Germany","java,react",87757,146835,33
732,ml_engineer_732,role description 732,ml,senior,"Austin, TX, USA","tf,go,java",88358,133107,36
733,frontend_engineer_733,role description 733,frontend,staff,"SF, CA, USA","rust,java,sql,aws",108886,120980,30
734,data_engineer_734,role description 734,data,staff,"Remote, , ","sql,tf,aws",118059,148764,20
735,frontend_engineer_735,role description 735,frontend,staff,"NYC, NY, USA","python,sql,java",103780,170578,43
736,frontend_engineer_736,role description 736,frontend,senior,"Berlin, , Germany","go,rust,java",64772,123012,52
737,data_engineer_737,role description 737,data,junior,"SF, CA, USA","kubernetes,react",84516,199895,42
738,frontend_engineer_738,role description 738,frontend,junior,"Remote, , ","react,tf,sql",103794,166876,46
739,ml_engineer_739,role description 739,ml,junior,"Remote, , ","rust,ml,java,go",95682,143563,49
740,ml_engineer_740,role description 740,ml,mid,"SF, CA, USA","ml,react,rust,go",87467,196968,22
741,frontend_engineer_741,role description 741,frontend,senior,"NYC, NY, USA","tf,java",86174,134714,3
742,frontend_engineer_742,role description 742,frontend,mid,"Berlin, , Germany","python,go",84357,196607,20
743,data_engineer_743,role description 743,data,junior,"Austin, TX, USA","ml,python,aws,java",94740,142541,45
744,frontend_engineer_744,role description 744,frontend,junior,"SF, CA, USA","java,kubernetes,react",70726,150378,48
745,data_engineer_745,role description 745,data,staff,"Remote, , ","python,go,react",91050,154033,30
746,devops_engineer_746,role description 746,devops,staff,"SF, CA, USA","ml,rust,python",72352,199586,46
747,data_engineer_747,role description 747,data,mid,"London, , UK","tf,ml,rust,java",100857,140073,4
748,data_engineer_748,role description 748,data,staff,"Remote, , ","react,rust",111884,197829,38
749,software_engineer_749,role description 749,software,senior,"Austin, TX, USA","java,aws",90462,147756,40
750,ml_engineer_750,role description 750,ml,staff,"SF, CA, USA","python,kubernetes,rust,aws",83254,142814,30
751,software_engineer_751,role description 751,software,staff,"NYC, NY, USA","tf,go",116436,171056,42
752,software_engineer_752,role description 752,software,senior,"Berlin, , Germany","ml,rust,tf,sql",99581,175499,29
753,ml_engineer_753,role description 753,ml,mid,"Berlin, , Germany","go,rust,tf",85681,147602,31
754,devops_engineer_754,role description 754,devops,senior,"Austin, TX, USA","ml,react,tf",61727,130725,36
755,devops_engineer_755,role description 755,devops,mid,"Austin, TX, USA","react,go,sql",60954,151684,47
756,frontend_engineer_756,role description 756,frontend,mid,"Austin, TX, USA","ml,sql,react,rust",73289,163233,14
757,data_engineer_757,role description 757,data,senior,"Berlin, , Germany","ml,aws,go,java",74182,123202,18
758,software_engineer_758,role description 758,software,senior,"Remote, , ","rust,kubernetes,sql",103283,126292,25
759,frontend_engineer_759,role description 759,frontend,senior,"Remote, , ","aws,tf,sql",90036,193435,12
760,software_engineer_760,role description 760,software,mid,"NYC, NY, USA","java,aws",119997,122869,20
761,devops_engineer_761,role description 761,devops,mid,"Remote, , ","react,kubernetes,go,ml",92434,152550,21
762,ml_engineer_762,role description 762,ml,junior,"Remote, , ","rust,tf",114187,181111,18
763,ml_engineer_763,role description 763,ml,senior,"NYC, NY, USA","python,sql",93143,146251,24
764,data_engineer_764,role description 764,data,senior,"SF, CA, USA","java,tf",81490,159581,30
765,frontend_engineer_765,role description 765,frontend,staff,"Berlin, , Germany","tf,aws,sql,java",102873,126918,41
766,frontend_engineer_766,role description 766,frontend,senior,"Remote, , ","go,react,kubernetes,sql",86965,183555,18
767,devops_engineer_767,role description 767,devops,mid,"Austin, TX, USA","kubernetes,tf,java",76478,170734,50
768,software_engineer_768,role description 768,software,junior,"Remote, , ","sql,kubernetes",88393,188132,28
769,data_engineer_769,role description 769,data,junior,"Austin, TX, USA","react,python,java",99894,189105,43
770,frontend_engineer_770,role description 770,frontend,mid,"Berlin, , Germany","react,tf,python,rust",82533,148064,6
771,ml_engineer_771,role description 771,ml,mid,"NYC, NY, USA","ml,java",102241,123292,10
772,software_engineer_772,role description 772,software,mid,"SF, CA, USA","rust,kubernetes,react",118842,147707,27
773,frontend_engineer_773,role description 773,frontend,mid,"London, , UK","rust,go,aws",84676,131621,21
774,ml_engineer_774,role description 774,ml,staff,"Berlin, , Germany","ml,tf,python",77714,162663,29
775,ml_engineer_775,role description 775,ml,junior,"SF, CA, USA","go,tf",84130,131711,9
776,devops_engineer_776,role description 776,devops,mid,"Berlin, , Germany","kubernetes,go,java",110295,193752,28
777,software_engineer_777,role description 777,software,junior,"Austin, TX, USA","kubernetes,go,aws",70735,168181,41
778,data_engineer_778,role description 778,data,mid,"Remote, , ","sql,react,tf",118420,140242,43
779,ml_engineer_779,role description 779,ml,senior,"NYC, NY, USA","go,sql",84839,193698,14
780,ml_engineer_780,role description 780,ml,junior,"SF, CA, USA","tf,python",110496,181575,20
781,frontend_engineer_781,role description 781,frontend,mid,"Austin, TX, USA","ml,sql",107208,155021,31
782,software_engineer_782,role description 782,software,junior,"London, , UK","rust,ml,aws",107014,131720,31
783,software_engineer_783,role description 783,software,staff,"Austin, TX, USA","sql,java",114538,147504,47
784,devops_engineer_784,role description 784,devops,senior,"Austin, TX, USA","python,sql",71091,166720,23
785,devops_engineer_785,role description 785,devops,junior,"NYC, NY, USA","java,python,sql",95616,181267,40
786,software_engineer_786,role description 786,software,junior,"SF, CA, USA","ml,go,rust",65940,140954,53
787,frontend_engineer_787,role description 787,frontend,junior,"NYC, NY, USA","rust,kubernetes",77962,179405,17
788,devops_engineer_788,role description 788,devops,mid,"NYC, NY, USA","rust,java,ml,python",62435,142626,49
789,software_engineer_789,role description 789,software,staff,"Austin, TX, USA","kubernetes,react",100937,139740,19
790,software_engineer_790,role description 790,software,senior,"Austin, TX, USA","java,sql",96463,155761,20
791,devops_engineer_791,role description 791,devops,staff,"NYC, NY, USA","aws,rust,ml,go",104408,132866,39
792,frontend_engineer_792,role description 792,frontend,mid,"London, , UK","python,rust,aws",70573,152372,37
793,ml_engineer_793,role description 793,ml,mid,"Berlin, , Germany","sql,java",79932,148624,32
794,devops_engineer_794,role description 794,devops,mid,"NYC, NY, USA","go,tf,kubernetes,ml",100580,142403,13
795,data_engineer_795,role description 795,data,junior,"Austin, TX, USA","kubernetes,tf,java,aws",109592,182048,5
796,ml_engineer_796,role description 796,ml,staff,"Austin, TX, USA","python,aws,rust,kubernetes",113140,146538,54
797,devops_engineer_797,role description 797,devops,junior,"Berlin, , Germany","ml,go,rust",64421,175605,52
798,data_engineer_798,role description 798,data,mid,"London, , UK","ml,python",84151,177623,53
799,devops_engineer_799,role description 799,devops,senior,"Remote, , ","kubernetes,react,java,go",60645,173268,30
800,software_engineer_800,role description 800,software,junior,"London, , UK","ml,java",109111,141546,53
801,data_engineer_801,role description 801,data,mid,"Remote, , ","tf,java,react",67378,186354,28
802,devops_engineer_802,role description 802,devops,mid,"Austin, TX, USA","aws,kubernetes,java",109328,138924,4
803,ml_engineer_803,role description 803,ml,mid,"NYC, NY, USA","react,go",69360,142170,11
804,frontend_engineer_804,role description 804,frontend,junior,"SF, CA, USA","tf,python,aws",60922,189999,16
805,frontend_engineer_805,role description 805,frontend,junior,"Austin, TX, USA","react,aws,python,java",112735,147174,22
806,devops_engineer_806,role description 806,devops,junior,"SF, CA, USA","python,ml",86328,175761,56
807,software_engineer_807,role description 807,software,mid,"SF, CA, USA","go,ml",85498,123387,19
808,data_engineer_808,role description 808,data,junior,"London, , UK","tf,react",98804,169145,36
809,ml_engineer_809,role description 809,ml,staff,"SF, CA, USA","tf,sql",76495,189499,16
810,software_engineer_810,role description 810,software,junior,"Berlin, , Germany","ml,aws,rust",101447,176696,38
811,ml_engineer_811,role description 811,ml,senior,"SF, CA, USA","sql,tf",85744,166594,34
812,frontend_engineer_812,role description 812,frontend,senior,"SF, CA, USA","java,go,rust,ml",76359,187922,9
813,data_engineer_813,role description 813,data,mid,"Austin, TX, USA","kubernetes,tf,java,react",83690,143849,27
814,frontend_engineer_814,role description 814,frontend,staff,"SF, CA, USA","rust,tf",60368,150142,6
815,ml_engineer_815,role description 815,ml,junior,"NYC, NY, USA","java,aws,sql",78087,125553,53
816,software_engineer_816,role description 816,software,junior,"London, , UK","aws,go,ml",95486,175869,42
817,software_engineer_817,role description 817,software,mid,"Austin, TX, USA","python,aws,java,ml",68273,177872,56
818,frontend_engineer_818,role description 818,frontend,junior,"NYC, NY, USA","sql,react,kubernetes",67112,180110,52
819,ml_engineer_819,role description 819,ml,mid,"London, , UK","aws,tf,kubernetes,sql",99354,179899,13
820,software_engineer_820,role description 820,software,mid,"Berlin, , Germany","rust,aws",85693,130190,42
821,frontend_engineer_821,role description 821,frontend,staff,"London, , UK","tf,go,aws",68196,173294,6
822,software_engineer_822,role description 822,software,mid,"NYC, NY, USA","aws,tf",104870,181066,57
823,frontend_engineer_823,role description 823,frontend,staff,"Austin, TX, USA","ml,react",106525,136302,47
824,frontend_engineer_824,role description 824,frontend,staff,"Berlin, , Germany","java,aws",62085,158118,40
825,software_engineer_825,role description 825,software,staff,"Austin, TX, USA","ml,react,kubernetes,rust",72101,193057,59
826,frontend_engineer_826,role description 826,frontend,junior,"Remote, , ","sql,react,go,java",82220,153184,50
827,ml_engineer_827,role description 827,ml,staff,"Austin, TX, USA","ml,java",103882,180252,51
828,ml_engineer_828,role description 828,ml,senior,"Berlin, , Germany","ml,sql,python,kubernetes",64441,162427,6
829,software_engineer_829,role description 829,software,staff,"NYC, NY, USA","tf,rust,sql,aws",108335,172620,1
830,data_engineer_830,role description 830,data,mid,"Austin, TX, USA","aws,java",79166,170120,57
831,data_engineer_831,role description 831,data,staff,"London, , UK","aws,ml",67519,172075,15
832,devops_engineer_832,role description 832,devops,senior,"SF, CA, USA","java,kubernetes,tf,python",111802,182350,25
833,software_engineer_833,role description 833,software,junior,"Berlin, , Germany","tf,ml",65204,192348,2
834,ml_engineer_834,role description 834,ml,mid,"Remote, , ","react,rust",67774,143653,37
835,frontend_engineer_835,role description 835,frontend,junior,"Berlin, , Germany","tf,rust,python,go",116974,194264,49
836,ml_engineer_836,role description 836,ml,staff,"Austin, TX, USA","rust,ml,kubernetes",91173,170228,50
837,software_engineer_837,role description 837,software,mid,"Austin, TX, USA","python,kubernetes",87782,167650,34
838,software_engineer_838,role description 838,software,junior,"SF, CA, USA","tf,sql",101241,146218,39
839,ml_engineer_839,role description 839,ml,senior,"Austin, TX, USA","react,python,kubernetes,rust",97814,153333,30
840,data_engineer_840,role description 840,data,mid,"Remote, , ","kubernetes,go",96813,172130,26
841,frontend_engineer_841,role description 841,frontend,junior,"London, , UK","python,java,aws,rust",61395,149098,33
842,ml_engineer_842,role description 842,ml,staff,"London, , UK","python,react",93104,142982,56
843,software_engineer_843,role description 843,software,staff,"Remote, , ","rust,ml,sql",76722,185526,15
844,software_engineer_844,role description 844,software,senior,"Remote, , ","aws,go,python,sql",108460,153234,28
845,software_engineer_845,role description 845,software,senior,"Remote, , ","sql,go,aws",90323,171568,36
846,software_engineer_846,role description 846,software,mid,"Austin, TX, USA","aws,ml,python",67426,122495,34
847,software_engineer_847,role description 847,software,senior,"Remote, , ","python,java",113173,126181,1
848,ml_engineer_848,role description 848,ml,senior,"SF, CA, USA","aws,python",77057,187853,17
849,frontend_engineer_849,role description 849,frontend,junior,"Remote, , ","aws,python",76286,131374,38
850,ml_engineer_850,role description 850,ml,junior,"SF, CA, USA","kubernetes,rust,tf",116176,183664,41
851,ml_engineer_851,role description 851,ml,mid,"Remote, , ","go,java,kubernetes,python",106511,192014,44
852,ml_engineer_852,role description 852,ml,mid,"NYC, NY, USA","rust,aws,python,go",111571,158511,59
853,data_engineer_853,role description 853,data,junior,"NYC, NY, USA","ml,java,react",99732,190759,40
854,data_engineer_854,role description 854,data,junior,"London, , UK","ml,sql,java",114629,154178,34
855,ml_engineer_855,role description 855,ml,staff,"NYC, NY, USA","rust,aws",66916,196146,19
856,data_engineer_856,role description 856,data,mid,"Berlin, , Germany","java,go,sql",95998,138969,22
857,software_engineer_857,role description 857,software,senior,"London, , UK","ml,tf,rust,sql",77602,154228,49
858,frontend_engineer_858,role description 858,frontend,senior,"London, , UK","go,aws",83905,151113,28
859,ml_engineer_859,role description 859,ml,senior,"Remote, , ","rust,react,kubernetes,python",74271,182724,42
860,ml_engineer_860,role description 860,ml,senior,"SF, CA, USA","sql,react,java,aws",72302,123497,7
861,ml_engineer_861,role description 861,ml,mid,"Austin, TX, USA","tf,aws",86551,186258,7
862,software_engineer_862,role description 862,software,staff,"Austin, TX, USA","aws,tf,rust,go",115097,121874,12
863,frontend_engineer_863,role description 863,frontend,mid,"Berlin, , Germany","react,rust",98120,145255,11
864,ml_engineer_864,role description 864,ml,staff,"NYC, NY, USA","tf,aws",80961,167685,36
865,frontend_engineer_865,role description 865,frontend,mid,"NYC, NY, USA","go,react",86005,131627,38
866,ml_engineer_866,role description 866,ml,junior,"SF, CA, USA","aws,ml,react,python",91790,159209,33
867,ml_engineer_867,role description 867,ml,staff,"NYC, NY, USA","go,tf,sql",74672,199762,17
868,devops_engineer_868,role description 868,devops,junior,"Austin, TX, USA","java,go,aws,react",91272,185856,34
869,software_engineer_869,role description 869,software,staff,"SF, CA, USA","java,rust,python",101752,122417,7
870,devops_engineer_870,role description 870,devops,junior,"SF, CA, USA","go,sql",74590,167340,28
871,data_engineer_871,role description 871,data,junior,"Austin, TX, USA","tf,ml,react",95068,167786,9
872,software_engineer_872,role description 872,software,senior,"London, , UK","java,react",102502,125457,4
873,software_engineer_873,role description 873,software,staff,"SF, CA, USA","react,aws",91158,172016,9
874,frontend_engineer_874,role description 874,frontend,mid,"Remote, , ","go,rust,kubernetes",77517,161680,6
875,devops_engineer_875,role description 875,devops,junior,"Berlin, , Germany","kubernetes,sql,aws",93265,174543,28
876,devops_engineer_876,role description 876,devops,junior,"Berlin, , Germany","java,go,kubernetes",107594,143800,32
877,frontend_engineer_877,role description 877,frontend,staff,"Austin, TX, USA","aws,sql,go,react",73314,140450,36
878,devops_engineer_878,role description 878,devops,senior,"Austin, TX, USA","sql,tf,kubernetes,python",94480,178876,26
879,frontend_engineer_879,role description 879,frontend,junior,"Austin, TX, USA","python,aws,sql",100825,177726,10
880,software_engineer_880,role description 880,software,mid,"NYC, NY, USA","kubernetes,react",79289,132937,1
881,ml_engineer_881,role description 881,ml,mid,"SF, CA, USA","sql,go",83250,137311,42
882,devops_engineer_882,role description 882,devops,junior,"Berlin, , Germany","kubernetes,rust,aws",113331,166908,58
883,software_engineer_883,role description 883,software,staff,"NYC, NY, USA","sql,ml",81808,186323,16
884,ml_engineer_884,role description 884,ml,senior,"Remote, , ","sql,python,react,rust",95893,136143,12
885,frontend_engineer_885,role description 885,frontend,junior,"NYC, NY, USA","tf,java,sql",68984,137529,18
886,software_engineer_886,role description 886,software,senior,"Austin, TX, USA","ml,sql",115558,184622,12
887,software_engineer_887,role description 887,software,mid,"NYC, NY, USA","kubernetes,ml,aws",95810,175736,13
888,software_engineer_888,role description 888,software,junior,"NYC, NY, USA","kubernetes,ml,react",105621,192182,29
889,data_engineer_889,role description 889,data,mid,"SF, CA, USA","go,tf",96159,182673,47
890,software_engineer_890,role description 890,software,junior,"NYC, NY, USA","aws,go,python,ml",81329,196262,42
891,frontend_engineer_891,role description 891,frontend,junior,"Berlin, , Germany","java,go",80418,135115,57
892,devops_engineer_892,role description 892,devops,staff,"Remote, , ","aws,tf,ml,react",102072,141755,21
893,ml_engineer_893,role description 893,ml,senior,"Austin, TX, USA","rust,aws,kubernetes,java",111591,139038,29
894,frontend_engineer_894,role description 894,frontend,junior,"SF, CA, USA","rust,go,aws,ml",67658,124434,22
895,frontend_engineer_895,role description 895,frontend,staff,"Berlin, , Germany","sql,ml,rust",110727,182328,2
896,devops_engineer_896,role description 896,devops,senior,"Berlin, , Germany","react,rust,aws,ml",109800,172940,23
897,software_engineer_897,role description 897,software,staff,"Berlin, , Germany","sql,python,aws,react",66543,126879,15
898,software_engineer_898,role description 898,software,senior,"London, , UK","ml,sql,python",66489,135850,28
899,frontend_engineer_899,role description 899,frontend,mid,"SF, CA, USA","rust,go,aws,sql",101702,135260,9
900,software_engineer_900,role description 900,software,senior,"Berlin, , Germany","react,python,ml,rust",110568,152234,44
901,software_engineer_901,role description 901,software,senior,"London, , UK","python,kubernetes",83630,156442,50
902,data_engineer_902,role description 902,data,senior,"Austin, TX, USA","kubernetes,tf,python,react",98438,143119,57
903,ml_engineer_903,role description 903,ml,junior,"Berlin, , Germany","aws,react",119982,194414,5
904,devops_engineer_904,role description 904,devops,mid,"Berlin, , Germany","python,tf,aws,kubernetes",79367,137021,7
905,frontend_engineer_905,role description 905,frontend,junior,"Austin, TX, USA","go,react,sql,tf",73501,164950,57
906,devops_engineer_906,role description 906,devops,mid,"Berlin, , Germany","react,java,go",119497,155038,50
907,software_engineer_907,role description 907,software,junior,"Austin, TX, USA","rust,java",76831,151014,35
908,data_engineer_908,role description 908,data,junior,"NYC, NY, USA","java,go,aws,react",88355,186063,19
909,software_engineer_909,role description 909,software,staff,"Remote, , ","go,react",86526,198269,31
910,frontend_engineer_910,role description 910,frontend,junior,"NYC, NY, USA","java,rust",91393,120470,32
911,software_engineer_911,role description 911,software,staff,"NYC, NY, USA","ml,react",76122,157096,50
912,data_engineer_912,role description 912,data,junior,"Remote, , ","rust,tf,go",100741,129532,31
913,ml_engineer_913,role description 913,ml,staff,"SF, CA, USA","rust,go",101519,154698,1
914,devops_engineer_914,role description 914,devops,mid,"Remote, , ","aws,java,tf,kubernetes",72033,169362,41
915,devops_engineer_915,role description 915,devops,senior,"Remote, , ","tf,sql,python",88854,152931,46
916,devops_engineer_916,role description 916,devops,mid,"Berlin, , Germany","react,sql,aws,python",63441,144727,17
917,frontend_engineer_917,role description 917,frontend,mid,"Austin, TX, USA","go,tf,java",73252,144974,6
918,data_engineer_918,role description 918,data,mid,"Austin, TX, USA","rust,go,tf,python",119233,143989,8
919,frontend_engineer_919,role description 919,frontend,senior,"Remote, , ","rust,python,tf,sql",90382,146055,50
920,ml_engineer_920,role description 920,ml,mid,"SF, CA, USA","go,kubernetes",97363,149918,26
921,devops_engineer_921,role description 921,devops,senior,"London, , UK","go,sql",113327,175026,31
922,devops_engineer_922,role description 922,devops,staff,"NYC, NY, USA","react,go,java",102824,127680,57
923,software_engineer_923,role description 923,software,mid,"Berlin, , Germany","python,react",107543,123266,3
924,data_engineer_924,role description 924,data,mid,"Remote, , ","sql,ml",102723,161339,12
925,ml_engineer_925,role description 925,ml,junior,"SF, CA, USA","sql,python",89929,174545,49
926,devops_engineer_926,role description 926,devops,mid,"Berlin, , Germany","kubernetes,sql,python",97954,140697,32
927,data_engineer_927,role description 927,data,junior,"SF, CA, USA","java,sql,python",77309,136096,1
928,devops_engineer_928,role description 928,devops,junior,"SF, CA, USA","sql,java,rust",113424,169980,42
929,devops_engineer_929,role description 929,devops,staff,"Berlin, , Germany","kubernetes,aws,rust,sql",70793,150736,8
930,devops_engineer_930,role description 930,devops,junior,"SF, CA, USA","go,aws,ml,python",113046,178885,46
931,frontend_engineer_931,role description 931,frontend,mid,"London, , UK","python,kubernetes,sql,aws",112702,131723,47
932,data_engineer_932,role description 932,data,staff,"NYC, NY, USA","aws,go,ml",68536,129689,49
933,frontend_engineer_933,role description 933,frontend,staff,"Remote, , ","ml,kubernetes,sql,aws",102610,164220,27
934,devops_engineer_934,role description 934,devops,junior,"London, , UK","aws,tf,java",119380,151399,16
935,ml_engineer_935,role description 935,ml,junior,"SF, CA, USA","java,rust,sql,aws",94329,178348,52
936,software_engineer_936,role description 936,software,mid,"London, , UK","sql,aws",80420,160490,33
937,software_engineer_937,role description 937,software,senior,"London, , UK","go,rust",112766,148372,38
938,devops_engineer_938,role description 938,devops,staff,"Austin, TX, USA","aws,python,tf,ml",90753,132774,8
939,devops_engineer_939,role description 939,devops,junior,"SF, CA, USA","tf,rust,go",67301,133073,37
940,frontend_engineer_940,role description 940,frontend,junior,"London, , UK","go,tf,kubernetes",74956,180467,34
941,devops_engineer_941,role description 941,devops,mid,"Austin, TX, USA","react,aws",100949,138120,17
942,ml_engineer_942,role description 942,ml,staff,"London, , UK","go,rust,python",87321,160195,46
943,devops_engineer_943,role description 943,devops,junior,"SF, CA, USA","react,sql,tf",73002,185449,8
944,software_engineer_944,role description 944,software,mid,"London, , UK","tf,sql",107942,191826,43
945,software_engineer_945,role description 945,software,junior,"NYC, NY, USA","tf,react,kubernetes",67234,141411,57
946,ml_engineer_946,role description 946,ml,junior,"Berlin, , Germany","tf,ml,python",73144,128769,34
947,software_engineer_947,role description 947,software,staff,"Remote, , ","rust,ml",87936,181976,6
948,ml_engineer_948,role description 948,ml,junior,"Berlin, , Germany","kubernetes,tf",62371,174982,33
949,data_engineer_949,role description 949,data,mid,"Berlin, , Germany","go,rust,sql,ml",83243,146495,31
950,software_engineer_950,role description 950,software,staff,"NYC, NY, USA","java,python",114597,167485,33
951,data_engineer_951,role description 951,data,senior,"Berlin, , Germany","python,rust",116470,135098,16
952,frontend_engineer_952,role description 952,frontend,junior,"Austin, TX, USA","react,aws,go",112317,176054,37
953,devops_engineer_953,role description 953,devops,mid,"Remote, , ","ml,kubernetes",79438,178184,15
954,frontend_engineer_954,role description 954,frontend,staff,"SF, CA, USA","tf,go",63892,143949,33
955,frontend_engineer_955,role description 955,frontend,mid,"Austin, TX, USA","go,sql",108894,157483,35
956,devops_engineer_956,role description 956,devops,senior,"NYC, NY, USA","rust,react",82399,146725,38
957,frontend_engineer_957,role description 957,frontend,senior,"Remote, , ","sql,react",104929,122502,47
958,ml_engineer_958,role description 958,ml,senior,"Berlin, , Germany","react,rust",67150,130184,52
959,devops_engineer_959,role description 959,devops,junior,"Remote, , ","ml,python",100075,196795,46
960,software_engineer_960,role description 960,software,staff,"Austin, TX, USA","sql,java,ml,rust",95183,156482,47
961,devops_engineer_961,role description 961,devops,staff,"Remote, , ","aws,react,kubernetes",115224,131820,52
962,ml_engineer_962,role description 962,ml,junior,"Austin, TX, USA","kubernetes,rust",66115,123541,14
963,data_engineer_963,role description 963,data,staff,"NYC, NY, USA","ml,tf,go",84475,148272,17
964,ml_engineer_964,role description 964,ml,staff,"London, , UK","go,tf,python,sql",119396,198625,31
965,devops_engineer_965,role description 965,devops,senior,"Berlin, , Germany","go,react",83380,150783,27
966,frontend_engineer_966,role description 966,frontend,mid,"SF, CA, USA","kubernetes,tf",99482,199956,42
967,data_engineer_967,role description 967,data,mid,"SF, CA, USA","java,rust,python",69656,159154,0
968,ml_engineer_968,role description 968,ml,staff,"London, , UK","go,rust",103704,181116,8
969,software_engineer_969,role description 969,software,junior,"Berlin, , Germany","kubernetes,python",76545,182835,44
970,data_engineer_970,role description 970,data,staff,"Berlin, , Germany","aws,rust,tf,react",94333,122253,49
971,devops_engineer_971,role description 971,devops,staff,"NYC, NY, USA","react,ml,python,java",112786,120487,18
972,devops_engineer_972,role description 972,devops,senior,"Berlin, , Germany","ml,kubernetes,react,rust",99663,193797,18
973,devops_engineer_973,role description 973,devops,mid,"Austin, TX, USA","sql,tf,python",88462,194597,33
974,software_engineer_974,role description 974,software,senior,"NYC, NY, USA","tf,aws,python",71403,130610,28
975,data_engineer_975,role description 975,data,junior,"Remote, , ","go,java,kubernetes,aws",80481,171679,10
976,software_engineer_976,role description 976,software,staff,"Remote, , ","sql,go,kubernetes,aws",110956,193898,30
977,devops_engineer_977,role description 977,devops,mid,"Austin, TX, USA","ml,react,sql,aws",72966,196051,49
978,data_engineer_978,role description 978,data,junior,"SF, CA, USA","go,aws,sql",99378,143710,43
979,devops_engineer_979,role description 979,devops,staff,"Remote, , ","kubernetes,react,aws,python",89097,185391,49
980,devops_engineer_980,role description 980,devops,senior,"London, , UK","sql,aws",79252,171706,38
981,frontend_engineer_981,role description 981,frontend,senior,"NYC, NY, USA","java,ml,tf,sql",102999,194227,52
982,devops_engineer_982,role description 982,devops,junior,"London, , UK","tf,kubernetes,java,rust",81728,131737,14
983,frontend_engineer_983,role description 983,frontend,staff,"London, , UK","react,rust,aws",77201,168080,2
984,devops_engineer_984,role description 984,devops,senior,"London, , UK","tf,sql,kubernetes,ml",91755,121959,6
985,frontend_engineer_985,role description 985,frontend,staff,"Berlin, , Germany","aws,java",105462,148584,59
986,frontend_engineer_986,role description 986,frontend,staff,"London, , UK","ml,react",111848,120912,38
987,data_engineer_987,role description 987,data,junior,"London, , UK","rust,sql,react",97787,155433,14
988,data_engineer_988,role description 988,data,junior,"Austin, TX, USA","kubernetes,ml,rust,tf",99719,184886,51
989,frontend_engineer_989,role description 989,frontend,staff,"Remote, , ","java,go,aws",107253,172642,18
990,data_engineer_990,role description 990,data,senior,"Remote, , ","rust,react,aws",76154,145349,35
991,devops_engineer_991,role description 991,devops,mid,"Berlin, , Germany","go,react,tf,sql",75054,154154,14
992,software_engineer_992,role description 992,software,mid,"SF, CA, USA","go,sql",89039,149395,5
993,devops_engineer_993,role description 993,devops,senior,"Austin, TX, USA","rust,aws,kubernetes,ml",97861,178533,16
994,devops_engineer_994,role description 994,devops,staff,"London, , UK","go,tf,java,react",98759,141296,13
995,frontend_engineer_995,role description 995,frontend,junior,"Berlin, , Germany","java,react",69224,127347,33
996,devops_engineer_996,role description 996,devops,senior,"SF, CA, USA","ml,react",106836,160538,1
997,data_engineer_997,role description 997,data,staff,"Remote, , ","tf,java,sql",81827,186398,14
998,ml_engineer_998,role description 998,ml,mid,"Remote, , ","go,tf,java,kubernetes",112637,158170,34
999,devops_engineer_999,role description 999,devops,mid,"Berlin, , Germany","ml,aws,python,tf",103461,136335,23
